combo_id,cell_id,city,city_code,type,context,W,L,qp,x,sinuosity,vbar,base_pass,qr_star_mean,above_upper,qr_star_per_seed,qr_star,pass_frac_at_star,pass_frac_at_next,source,in_domain,runtime_quota
AMS-amsterdam-chain-77474-550|qp3,AMS-amsterdam-chain-77474-550,amsterdam,AMS,C,residential,0.643,50.0,3.0,4.666,1.0003,0.096,1,20.0,1,20.0,20.0,1.0,,main,False,
AMS-amsterdam-chain-75190-0|qp4,AMS-amsterdam-chain-75190-0,amsterdam,AMS,C,residential,0.91,50.0,4.0,4.396,1.0001,0.107,1,20.0,1,20.0,20.0,1.0,,main,False,
AMS-amsterdam-chain-66173-0|qp6,AMS-amsterdam-chain-66173-0,amsterdam,AMS,C,residential,1.208,50.0,6.0,4.967,1.0,1.301,1,0.0,0,0.0,0.0,,0.0,main,False,
AMS-amsterdam-chain-15655-200|qp7,AMS-amsterdam-chain-15655-200,amsterdam,AMS,C,residential,1.319,50.0,7.0,5.307,1.0,1.291,1,0.0,0,0.0,0.0,,0.0,main,False,
AMS-amsterdam-chain-32447-100|qp7,AMS-amsterdam-chain-32447-100,amsterdam,AMS,C,residential,1.352,50.0,7.0,5.178,1.044,0.0,0,0.0,0,0.0,0.0,,,main,False,
AMS-amsterdam-chain-32674-0|qp7,AMS-amsterdam-chain-32674-0,amsterdam,AMS,C,residential,1.323,50.0,7.0,5.291,1.274,0.0,0,0.0,0,0.0,0.0,,,main,False,
AMS-amsterdam-chain-7530-50|qp8,AMS-amsterdam-chain-7530-50,amsterdam,AMS,C,residential,1.529,50.0,8.0,5.232,1.0,1.318,1,0.0,0,0.0,0.0,,0.667,main,False,
AMS-amsterdam-chain-77474-550|qp8,AMS-amsterdam-chain-77474-550,amsterdam,AMS,C,residential,0.643,50.0,8.0,12.442,1.0003,0.043,0,0.0,0,0.0,0.0,,,main,False,
AMS-amsterdam-chain-79104-0|qp8,AMS-amsterdam-chain-79104-0,amsterdam,AMS,A,residential,1.662,50.0,8.0,4.813,1.0045,1.334,1,18.0,0,10.0,11.0,0.6,0.5,main,True,5.0
AMS-amsterdam-chain-141619-0|qp10,AMS-amsterdam-chain-141619-0,amsterdam,AMS,B,residential,2.098,50.0,10.0,4.766,1.0069,1.311,1,15.0,0,10.0,11.0,0.8,0.333,main,True,8.0
AMS-amsterdam-chain-173340-0|qp10,AMS-amsterdam-chain-173340-0,amsterdam,AMS,B,residential,1.96,50.0,10.0,5.102,1.3994,0.0,0,0.0,0,0.0,0.0,,,main,False,
AMS-amsterdam-chain-3511-0|qp10,AMS-amsterdam-chain-3511-0,amsterdam,AMS,B,residential,1.969,50.0,10.0,5.079,1.3121,0.0,0,0.0,0,0.0,0.0,,,main,False,
AMS-amsterdam-chain-95719-50|qp10,AMS-amsterdam-chain-95719-50,amsterdam,AMS,B,residential,2.062,50.0,10.0,4.85,1.1848,0.0,0,0.0,0,0.0,0.0,,,main,False,
AMS-amsterdam-chain-166482-0|qp11,AMS-amsterdam-chain-166482-0,amsterdam,AMS,B,residential,2.267,50.0,11.0,4.852,1.0152,1.273,1,15.0,0,8.0,9.0,0.6,0.167,main,True,9.0
AMS-amsterdam-chain-45268-50|qp11,AMS-amsterdam-chain-45268-50,amsterdam,AMS,A,residential,2.166,50.0,11.0,5.078,1.0002,1.298,1,18.0,0,12.0,13.0,0.6,0.3,main,True,8.0
AMS-amsterdam-chain-75190-0|qp11,AMS-amsterdam-chain-75190-0,amsterdam,AMS,C,residential,0.91,50.0,11.0,12.088,1.0001,0.067,0,0.0,0,0.0,0.0,,,main,False,
AMS-amsterdam-chain-44642-0|qp12,AMS-amsterdam-chain-44642-0,amsterdam,AMS,A,residential,2.482,50.0,12.0,4.835,1.0,1.324,1,20.0,1,18.0,19.0,0.933,,main,True,10.0
AMS-amsterdam-chain-32802-0|qp13,AMS-amsterdam-chain-32802-0,amsterdam,AMS,A,residential,2.575,50.0,13.0,5.049,1.0007,1.3,1,20.0,1,18.0,19.0,0.8,,main,True,10.0
AMS-amsterdam-chain-22812-0|qp14,AMS-amsterdam-chain-22812-0,amsterdam,AMS,B,residential,2.796,50.0,14.0,5.007,1.0839,1.307,1,20.0,1,18.0,19.0,0.867,,main,False,
AMS-amsterdam-chain-66173-0|qp14,AMS-amsterdam-chain-66173-0,amsterdam,AMS,C,residential,1.208,50.0,14.0,11.589,1.0,1.217,1,0.0,0,0.0,0.0,,0.0,main,False,
AMS-amsterdam-chain-15655-200|qp16,AMS-amsterdam-chain-15655-200,amsterdam,AMS,C,residential,1.319,50.0,16.0,12.13,1.0,1.241,1,0.0,0,0.0,0.0,,0.0,main,False,
AMS-amsterdam-chain-32447-100|qp16,AMS-amsterdam-chain-32447-100,amsterdam,AMS,C,residential,1.352,50.0,16.0,11.834,1.044,0.0,0,0.0,0,0.0,0.0,,,main,False,
AMS-amsterdam-chain-32674-0|qp16,AMS-amsterdam-chain-32674-0,amsterdam,AMS,C,residential,1.323,50.0,16.0,12.094,1.274,0.0,0,0.0,0,0.0,0.0,,,main,False,
AMS-amsterdam-chain-142287-0|qp18,AMS-amsterdam-chain-142287-0,amsterdam,AMS,B,residential,3.651,50.0,18.0,4.93,1.0464,0.0,0,0.0,0,0.0,0.0,,,main,False,
AMS-amsterdam-chain-7530-50|qp18,AMS-amsterdam-chain-7530-50,amsterdam,AMS,C,residential,1.529,50.0,18.0,11.772,1.0,1.271,1,0.0,0,0.0,0.0,,0.0,main,False,
AMS-amsterdam-chain-158080-0|qp19,AMS-amsterdam-chain-158080-0,amsterdam,AMS,A,residential,3.89,50.0,19.0,4.884,1.0,1.321,1,20.0,1,18.0,19.0,0.867,,main,False,
AMS-amsterdam-chain-79104-0|qp20,AMS-amsterdam-chain-79104-0,amsterdam,AMS,A,residential,1.662,50.0,20.0,12.034,1.0045,1.312,1,12.0,0,10.0,10.0,0.767,0.433,main,True,0.0
AMS-amsterdam-chain-173340-0|qp24,AMS-amsterdam-chain-173340-0,amsterdam,AMS,B,residential,1.96,50.0,24.0,12.245,1.3994,0.0,0,0.0,0,0.0,0.0,,,main,False,
AMS-amsterdam-chain-3511-0|qp24,AMS-amsterdam-chain-3511-0,amsterdam,AMS,B,residential,1.969,50.0,24.0,12.189,1.3121,0.0,0,0.0,0,0.0,0.0,,,main,False,
AMS-amsterdam-chain-141619-0|qp25,AMS-amsterdam-chain-141619-0,amsterdam,AMS,B,residential,2.098,50.0,25.0,11.916,1.0069,1.239,1,10.0,0,8.0,8.0,0.7,0.233,main,True,1.0
AMS-amsterdam-chain-95719-50|qp25,AMS-amsterdam-chain-95719-50,amsterdam,AMS,B,residential,2.062,50.0,25.0,12.124,1.1848,0.0,0,0.0,0,0.0,0.0,,,main,False,
AMS-amsterdam-chain-45268-50|qp26,AMS-amsterdam-chain-45268-50,amsterdam,AMS,A,residential,2.166,50.0,26.0,12.004,1.0002,1.209,1,12.0,0,8.0,8.0,0.667,0.133,main,True,1.0
AMS-amsterdam-chain-166482-0|qp27,AMS-amsterdam-chain-166482-0,amsterdam,AMS,B,residential,2.267,50.0,27.0,11.91,1.0152,1.17,1,12.0,0,8.0,8.0,0.567,0.067,main,True,2.0
AMS-amsterdam-chain-44642-0|qp30,AMS-amsterdam-chain-44642-0,amsterdam,AMS,A,residential,2.482,50.0,30.0,12.087,1.0,1.262,1,15.0,0,12.0,12.0,0.733,0.467,main,True,2.0
AMS-amsterdam-chain-32802-0|qp31,AMS-amsterdam-chain-32802-0,amsterdam,AMS,A,residential,2.575,50.0,31.0,12.039,1.0007,1.218,1,18.0,0,12.0,12.0,0.533,0.067,main,True,2.0
AMS-amsterdam-chain-22812-0|qp34,AMS-amsterdam-chain-22812-0,amsterdam,AMS,B,residential,2.796,50.0,34.0,12.16,1.0839,1.239,1,12.0,0,10.0,11.0,0.933,0.1,main,False,
AMS-amsterdam-chain-142287-0|qp44,AMS-amsterdam-chain-142287-0,amsterdam,AMS,B,residential,3.651,50.0,44.0,12.051,1.0464,0.0,0,0.0,0,0.0,0.0,,,main,False,
AMS-amsterdam-chain-158080-0|qp47,AMS-amsterdam-chain-158080-0,amsterdam,AMS,A,residential,3.89,50.0,47.0,12.082,1.0,1.212,1,12.0,0,12.0,12.0,0.967,0.433,main,False,
AMS-amsterdam-chain-138895-0|qp52,AMS-amsterdam-chain-138895-0,amsterdam,AMS,B,commercial,3.48,50.0,52.0,14.943,1.1712,0.67,1,3.0,0,0.0,0.0,0.6,0.533,main,False,
AMS-amsterdam-chain-138895-0|qp87,AMS-amsterdam-chain-138895-0,amsterdam,AMS,B,commercial,3.48,50.0,87.0,25.0,1.1712,0.283,0,0.0,0,0.0,0.0,,,main,False,
MEL-melbourne-RPSP1011231-0-5|qp1,MEL-melbourne-RPSP1011231-0-5,melbourne,MEL,C,residential,0.209,50.0,1.0,4.785,1.0,0.0,1,0.0,0,0.0,0.0,,0.0,main,False,
MEL-melbourne-RPSP1011231-0-5|qp2,MEL-melbourne-RPSP1011231-0-5,melbourne,MEL,C,residential,0.209,50.0,2.0,9.569,1.0,0.0,1,0.0,0,0.0,0.0,,0.0,main,False,
MEL-melbourne-idx7418-0-6|qp3,MEL-melbourne-idx7418-0-6,melbourne,MEL,C,residential,0.603,50.0,3.0,4.975,1.0,0.083,1,20.0,1,20.0,20.0,1.0,,main,False,
MEL-melbourne-RPSP03A13291L1-0-0|qp5,MEL-melbourne-RPSP03A13291L1-0-0,melbourne,MEL,C,commercial,0.305,50.0,5.0,16.393,1.0,0.0,1,0.0,0,0.0,0.0,,0.0,main,False,
MEL-melbourne-RPSP03A10434L1-0-0|qp7,MEL-melbourne-RPSP03A10434L1-0-0,melbourne,MEL,C,residential,1.33,50.0,7.0,5.263,1.0,1.293,1,0.0,0,0.0,0.0,,0.0,main,False,
MEL-melbourne-idx7418-0-6|qp7,MEL-melbourne-idx7418-0-6,melbourne,MEL,C,residential,0.603,50.0,7.0,11.609,1.0,0.05,0,0.0,0,0.0,0.0,,,main,False,
MEL-melbourne-1389612-0-2|qp8,MEL-melbourne-1389612-0-2,melbourne,MEL,A,residential,1.697,50.0,8.0,4.714,1.0,1.319,1,10.0,0,6.0,7.0,0.633,0.533,main,True,5.0
MEL-melbourne-RPSP03A13291L1-0-0|qp8,MEL-melbourne-RPSP03A13291L1-0-0,melbourne,MEL,C,commercial,0.305,50.0,8.0,26.23,1.0,0.0,1,0.0,0,0.0,0.0,,0.0,main,False,
MEL-melbourne-1465622-0-2|qp9,MEL-melbourne-1465622-0-2,melbourne,MEL,A,residential,1.749,50.0,9.0,5.146,1.0,1.322,1,12.0,0,6.0,6.0,0.633,0.2,main,True,5.0
MEL-melbourne-1477330-0-0|qp9,MEL-melbourne-1477330-0-0,melbourne,MEL,A,residential,1.83,50.0,9.0,4.918,1.0,1.32,1,15.0,0,8.0,8.0,0.567,0.2,main,True,6.0
MEL-melbourne-RPSP02B11034-0-0|qp9,MEL-melbourne-RPSP02B11034-0-0,melbourne,MEL,A,residential,1.844,50.0,9.0,4.881,1.0,1.315,1,15.0,0,10.0,10.0,0.567,0.233,main,True,6.0
MEL-melbourne-RPSP0813599L1-0-0|qp9,MEL-melbourne-RPSP0813599L1-0-0,melbourne,MEL,C,commercial,0.617,50.0,9.0,14.587,1.0,0.036,0,0.0,0,0.0,0.0,,,main,False,
MEL-melbourne-1434605-0-0|qp11,MEL-melbourne-1434605-0-0,melbourne,MEL,A,residential,2.156,50.0,11.0,5.102,1.0,1.32,1,18.0,0,12.0,14.0,0.533,0.333,main,True,8.0
MEL-melbourne-1465759-0-1|qp12,MEL-melbourne-1465759-0-1,melbourne,MEL,A,residential,2.348,50.0,12.0,5.111,1.0,1.321,1,20.0,1,12.0,14.0,0.7,,main,True,9.0
MEL-melbourne-1389823-0-3|qp14,MEL-melbourne-1389823-0-3,melbourne,MEL,A,residential,2.722,50.0,14.0,5.143,1.0,1.327,1,20.0,1,20.0,20.0,1.0,,main,True,10.0
MEL-melbourne-RPSP0813599L1-0-0|qp15,MEL-melbourne-RPSP0813599L1-0-0,melbourne,MEL,C,commercial,0.617,50.0,15.0,24.311,1.0,0.013,0,0.0,0,0.0,0.0,,,main,False,
MEL-melbourne-RPSP03A10434L1-0-0|qp16,MEL-melbourne-RPSP03A10434L1-0-0,melbourne,MEL,C,residential,1.33,50.0,16.0,12.03,1.0,1.248,1,0.0,0,0.0,0.0,,0.0,main,False,
MEL-melbourne-RPSP03A11034L1-0-0|qp16,MEL-melbourne-RPSP03A11034L1-0-0,melbourne,MEL,A,residential,3.194,50.0,16.0,5.009,1.0,1.323,1,20.0,1,20.0,20.0,0.967,,main,False,
MEL-melbourne-RPSP07A11127-0-0|qp16,MEL-melbourne-RPSP07A11127-0-0,melbourne,MEL,A,residential,3.121,50.0,16.0,5.127,1.0,1.324,1,20.0,1,18.0,19.0,0.933,,main,False,
MEL-melbourne-RPSP0813145L1-0-1|qp19,MEL-melbourne-RPSP0813145L1-0-1,melbourne,MEL,C,commercial,1.271,50.0,19.0,14.949,1.0,1.197,1,0.0,0,0.0,0.0,,0.0,main,False,
MEL-melbourne-1385129-0-0|qp20,MEL-melbourne-1385129-0-0,melbourne,MEL,C,commercial,1.344,50.0,20.0,14.881,1.0,1.239,1,0.0,0,0.0,0.0,,0.0,main,False,
MEL-melbourne-1389612-0-2|qp20,MEL-melbourne-1389612-0-2,melbourne,MEL,A,residential,1.697,50.0,20.0,11.786,1.0,1.249,1,6.0,0,5.0,5.0,0.933,0.533,main,True,0.0
MEL-melbourne-1465622-0-2|qp21,MEL-melbourne-1465622-0-2,melbourne,MEL,A,residential,1.749,50.0,21.0,12.007,1.0,1.253,1,8.0,0,4.0,4.0,0.567,0.233,main,True,0.0
MEL-melbourne-1477330-0-0|qp22,MEL-melbourne-1477330-0-0,melbourne,MEL,A,residential,1.83,50.0,22.0,12.022,1.0,1.239,1,8.0,0,4.0,4.0,0.733,0.233,main,True,1.0
MEL-melbourne-RPSP02B11034-0-0|qp22,MEL-melbourne-RPSP02B11034-0-0,melbourne,MEL,A,residential,1.844,50.0,22.0,11.931,1.0,1.235,1,6.0,0,6.0,6.0,1.0,0.6,main,True,1.0
MEL-melbourne-1434605-0-0|qp26,MEL-melbourne-1434605-0-0,melbourne,MEL,A,residential,2.156,50.0,26.0,12.059,1.0,1.25,1,12.0,0,8.0,9.0,0.567,0.1,main,True,1.0
MEL-melbourne-1515142-0-0|qp26,MEL-melbourne-1515142-0-0,melbourne,MEL,A,residential,5.175,50.0,26.0,5.024,1.0,1.294,1,20.0,1,18.0,18.0,0.733,,main,False,
MEL-melbourne-1465759-0-1|qp28,MEL-melbourne-1465759-0-1,melbourne,MEL,A,residential,2.348,50.0,28.0,11.925,1.0,1.263,1,12.0,0,10.0,10.0,0.833,0.467,main,True,2.0
MEL-melbourne-RPSP0813145L1-0-1|qp32,MEL-melbourne-RPSP0813145L1-0-1,melbourne,MEL,C,commercial,1.271,50.0,32.0,25.177,1.0,1.089,1,0.0,0,0.0,0.0,,0.0,main,False,
MEL-melbourne-1389823-0-3|qp33,MEL-melbourne-1389823-0-3,melbourne,MEL,A,residential,2.722,50.0,33.0,12.123,1.0,1.258,1,15.0,0,12.0,13.0,0.9,0.5,main,True,3.0
MEL-melbourne-1385129-0-0|qp34,MEL-melbourne-1385129-0-0,melbourne,MEL,C,commercial,1.344,50.0,34.0,25.298,1.0,1.128,1,0.0,0,0.0,0.0,,0.0,main,False,
MEL-melbourne-RPSP03A11034L1-0-0|qp38,MEL-melbourne-RPSP03A11034L1-0-0,melbourne,MEL,A,residential,3.194,50.0,38.0,11.897,1.0,1.248,1,15.0,0,12.0,13.0,0.833,0.2,main,False,
MEL-melbourne-RPSP07A11127-0-0|qp38,MEL-melbourne-RPSP07A11127-0-0,melbourne,MEL,A,residential,3.121,50.0,38.0,12.176,1.0,1.248,1,15.0,0,10.0,10.0,0.733,0.233,main,False,
MEL-melbourne-RPSP0814955L1-0-0|qp52,MEL-melbourne-RPSP0814955L1-0-0,melbourne,MEL,A,commercial,3.499,50.0,52.0,14.861,1.0,1.199,1,12.0,0,8.0,9.0,0.7,0.0,main,False,
MEL-melbourne-RPSP03A10530L1-0-0|qp54,MEL-melbourne-RPSP03A10530L1-0-0,melbourne,MEL,A,commercial,3.609,50.0,54.0,14.963,1.0,1.196,1,10.0,0,10.0,10.0,0.967,0.4,main,False,
MEL-melbourne-1515142-0-0|qp62,MEL-melbourne-1515142-0-0,melbourne,MEL,A,residential,5.175,50.0,62.0,11.981,1.0,1.164,1,10.0,0,6.0,7.0,0.833,0.4,main,False,
MEL-melbourne-1385230-0-1|qp68,MEL-melbourne-1385230-0-1,melbourne,MEL,A,MRT-frontage,2.271,50.0,68.0,29.943,1.0,1.084,1,0.0,0,0.0,0.0,,0.533,main,False,
MEL-melbourne-RPSP0814955L1-0-0|qp88,MEL-melbourne-RPSP0814955L1-0-0,melbourne,MEL,A,commercial,3.499,50.0,88.0,25.15,1.0,0.97,1,4.0,0,2.0,2.0,0.733,0.6,main,False,
MEL-melbourne-RPSP03A10530L1-0-0|qp90,MEL-melbourne-RPSP03A10530L1-0-0,melbourne,MEL,A,commercial,3.609,50.0,90.0,24.938,1.0,0.974,1,4.0,0,2.0,2.0,0.733,0.533,main,False,
MEL-melbourne-1385230-0-1|qp102,MEL-melbourne-1385230-0-1,melbourne,MEL,A,MRT-frontage,2.271,50.0,102.0,44.914,1.0,0.037,0,0.0,0,0.0,0.0,,,main,False,
NTP-newtaipei-idx12919-0-1|qp6,NTP-newtaipei-idx12919-0-1,newtaipei,NTP,C,residential,1.12,50.0,6.0,5.357,1.0,1.262,1,0.0,0,0.0,0.0,,0.0,main,False,
NTP-newtaipei-idx133-0-2|qp8,NTP-newtaipei-idx133-0-2,newtaipei,NTP,C,residential,1.54,50.0,8.0,5.195,1.0,1.315,1,3.0,0,2.0,2.0,0.767,0.367,main,False,
NTP-newtaipei-idx672-0-2|qp8,NTP-newtaipei-idx672-0-2,newtaipei,NTP,C,residential,1.58,50.0,8.0,5.063,1.0,1.315,1,6.0,0,4.0,4.0,0.767,0.3,main,False,
NTP-newtaipei-idx11901-0-0|qp9,NTP-newtaipei-idx11901-0-0,newtaipei,NTP,A,residential,1.78,50.0,9.0,5.056,1.0,1.317,1,12.0,0,8.0,8.0,0.6,0.4,main,True,6.0
NTP-newtaipei-idx13763-0-2|qp9,NTP-newtaipei-idx13763-0-2,newtaipei,NTP,A,residential,1.8,50.0,9.0,5.0,1.0,1.318,1,12.0,0,6.0,7.0,0.867,0.433,main,True,6.0
NTP-newtaipei-idx13776-0-2|qp9,NTP-newtaipei-idx13776-0-2,newtaipei,NTP,A,residential,1.71,50.0,9.0,5.263,1.0,1.321,1,10.0,0,6.0,6.0,0.633,0.4,main,True,5.0
NTP-newtaipei-idx6919-0-0|qp9,NTP-newtaipei-idx6919-0-0,newtaipei,NTP,A,residential,1.74,50.0,9.0,5.172,1.0,1.316,1,12.0,0,5.0,5.0,0.633,0.267,main,True,5.0
NTP-newtaipei-idx7317-0-1|qp9,NTP-newtaipei-idx7317-0-1,newtaipei,NTP,A,residential,1.74,50.0,9.0,5.172,1.0,1.312,1,12.0,0,5.0,5.0,0.633,0.133,main,True,5.0
NTP-newtaipei-idx9858-0-0|qp10,NTP-newtaipei-idx9858-0-0,newtaipei,NTP,A,residential,1.91,50.0,10.0,5.236,1.0,1.313,1,12.0,0,8.0,8.0,0.867,0.533,main,True,6.0
NTP-newtaipei-idx251-0-0|qp12,NTP-newtaipei-idx251-0-0,newtaipei,NTP,A,residential,2.46,50.0,12.0,4.878,1.0,1.323,1,20.0,1,18.0,19.0,0.933,,main,True,10.0
NTP-newtaipei-idx5617-0-0|qp12,NTP-newtaipei-idx5617-0-0,newtaipei,NTP,A,residential,2.33,50.0,12.0,5.15,1.0,1.322,1,20.0,1,15.0,15.0,0.567,,main,True,8.0
NTP-newtaipei-idx12919-0-1|qp13,NTP-newtaipei-idx12919-0-1,newtaipei,NTP,C,residential,1.12,50.0,13.0,11.607,1.0,1.126,1,0.0,0,0.0,0.0,,0.0,main,False,
NTP-newtaipei-idx6820-0-0|qp13,NTP-newtaipei-idx6820-0-0,newtaipei,NTP,A,residential,2.62,50.0,13.0,4.962,1.0,1.324,1,20.0,1,20.0,20.0,0.967,,main,True,10.0
NTP-newtaipei-idx7804-0-0|qp14,NTP-newtaipei-idx7804-0-0,newtaipei,NTP,A,residential,2.9,50.0,14.0,4.828,1.0,1.327,1,20.0,1,20.0,20.0,1.0,,main,True,12.0
NTP-newtaipei-idx4423-0-0|qp15,NTP-newtaipei-idx4423-0-0,newtaipei,NTP,A,residential,2.99,50.0,15.0,5.017,1.0,1.322,1,20.0,1,20.0,20.0,1.0,,main,True,12.0
NTP-newtaipei-idx133-0-2|qp18,NTP-newtaipei-idx133-0-2,newtaipei,NTP,C,residential,1.54,50.0,18.0,11.688,1.0,1.267,1,1.0,0,1.0,1.0,0.967,0.0,main,False,
NTP-newtaipei-idx672-0-2|qp19,NTP-newtaipei-idx672-0-2,newtaipei,NTP,C,residential,1.58,50.0,19.0,12.025,1.0,1.268,1,3.0,0,2.0,2.0,0.867,0.5,main,False,
NTP-newtaipei-idx13776-0-2|qp20,NTP-newtaipei-idx13776-0-2,newtaipei,NTP,A,residential,1.71,50.0,20.0,11.696,1.0,1.256,1,5.0,0,5.0,5.0,0.967,0.833,main,True,0.0
NTP-newtaipei-idx11901-0-0|qp21,NTP-newtaipei-idx11901-0-0,newtaipei,NTP,A,residential,1.78,50.0,21.0,11.798,1.0,1.244,1,6.0,0,5.0,5.0,0.9,0.533,main,True,1.0
NTP-newtaipei-idx6919-0-0|qp21,NTP-newtaipei-idx6919-0-0,newtaipei,NTP,A,residential,1.74,50.0,21.0,12.069,1.0,1.247,1,6.0,0,4.0,4.0,0.767,0.433,main,True,0.0
NTP-newtaipei-idx7317-0-1|qp21,NTP-newtaipei-idx7317-0-1,newtaipei,NTP,A,residential,1.74,50.0,21.0,12.069,1.0,1.238,1,6.0,0,5.0,5.0,0.867,0.367,main,True,0.0
NTP-newtaipei-idx12775-0-0|qp22,NTP-newtaipei-idx12775-0-0,newtaipei,NTP,C,commercial,1.5,50.0,22.0,14.667,1.0,1.247,1,0.0,0,0.0,0.0,,0.0,main,False,
NTP-newtaipei-idx13763-0-2|qp22,NTP-newtaipei-idx13763-0-2,newtaipei,NTP,A,residential,1.8,50.0,22.0,12.222,1.0,1.244,1,8.0,0,5.0,5.0,0.533,0.167,main,True,1.0
NTP-newtaipei-idx3820-0-0|qp22,NTP-newtaipei-idx3820-0-0,newtaipei,NTP,C,commercial,1.5,50.0,22.0,14.667,1.0,1.235,1,0.0,0,0.0,0.0,,0.0,main,False,
NTP-newtaipei-idx11985-0-0|qp23,NTP-newtaipei-idx11985-0-0,newtaipei,NTP,C,commercial,1.56,50.0,23.0,14.744,1.0,1.23,1,2.0,0,1.0,1.0,0.733,0.033,main,False,
NTP-newtaipei-idx9858-0-0|qp23,NTP-newtaipei-idx9858-0-0,newtaipei,NTP,A,residential,1.91,50.0,23.0,12.042,1.0,1.234,1,6.0,0,5.0,5.0,0.833,0.5,main,True,1.0
NTP-newtaipei-idx11808-0-1|qp25,NTP-newtaipei-idx11808-0-1,newtaipei,NTP,A,residential,4.98,50.0,25.0,5.02,1.0,1.297,1,20.0,1,18.0,18.0,0.933,,main,False,
NTP-newtaipei-idx5617-0-0|qp28,NTP-newtaipei-idx5617-0-0,newtaipei,NTP,A,residential,2.33,50.0,28.0,12.017,1.0,1.26,1,12.0,0,10.0,11.0,0.833,0.5,main,True,2.0
NTP-newtaipei-idx251-0-0|qp30,NTP-newtaipei-idx251-0-0,newtaipei,NTP,A,residential,2.46,50.0,30.0,12.195,1.0,1.26,1,15.0,0,10.0,11.0,0.633,0.3,main,True,2.0
NTP-newtaipei-idx11355-0-2|qp31,NTP-newtaipei-idx11355-0-2,newtaipei,NTP,A,residential,6.11,50.0,31.0,5.074,1.0,1.271,1,20.0,1,15.0,17.0,0.7,,main,False,
NTP-newtaipei-idx6820-0-0|qp31,NTP-newtaipei-idx6820-0-0,newtaipei,NTP,A,residential,2.62,50.0,31.0,11.832,1.0,1.268,1,18.0,0,12.0,13.0,0.533,0.267,main,True,3.0
NTP-newtaipei-idx7804-0-0|qp35,NTP-newtaipei-idx7804-0-0,newtaipei,NTP,A,residential,2.9,50.0,35.0,12.069,1.0,1.255,1,15.0,0,10.0,11.0,0.833,0.4,main,True,3.0
NTP-newtaipei-idx4423-0-0|qp36,NTP-newtaipei-idx4423-0-0,newtaipei,NTP,A,residential,2.99,50.0,36.0,12.04,1.0,1.253,1,15.0,0,12.0,13.0,0.833,0.267,main,True,3.0
NTP-newtaipei-idx12775-0-0|qp38,NTP-newtaipei-idx12775-0-0,newtaipei,NTP,C,commercial,1.5,50.0,38.0,25.333,1.0,1.101,1,0.0,0,0.0,0.0,,0.0,main,False,
NTP-newtaipei-idx3820-0-0|qp38,NTP-newtaipei-idx3820-0-0,newtaipei,NTP,C,commercial,1.5,50.0,38.0,25.333,1.0,1.089,1,0.0,0,0.0,0.0,,0.0,main,False,
NTP-newtaipei-idx11985-0-0|qp39,NTP-newtaipei-idx11985-0-0,newtaipei,NTP,C,commercial,1.56,50.0,39.0,25.0,1.0,1.085,1,0.0,0,0.0,0.0,,0.0,main,False,
NTP-newtaipei-idx3916-0-1|qp42,NTP-newtaipei-idx3916-0-1,newtaipei,NTP,C,MRT-frontage,1.4,50.0,42.0,30.0,1.0,1.048,1,0.0,0,0.0,0.0,,0.0,main,False,
NTP-newtaipei-idx11808-0-1|qp60,NTP-newtaipei-idx11808-0-1,newtaipei,NTP,A,residential,4.98,50.0,60.0,12.048,1.0,1.17,1,12.0,0,10.0,10.0,0.6,0.467,main,False,
NTP-newtaipei-idx3916-0-1|qp63,NTP-newtaipei-idx3916-0-1,newtaipei,NTP,C,MRT-frontage,1.4,50.0,63.0,45.0,1.0,0.631,0,0.0,0,0.0,0.0,,,main,False,
NTP-newtaipei-idx11355-0-2|qp73,NTP-newtaipei-idx11355-0-2,newtaipei,NTP,A,residential,6.11,50.0,73.0,11.948,1.0,1.09,1,10.0,0,4.0,4.0,0.467,0.367,main,False,
NYC-nyc-10517-0-3|qp4,NYC-nyc-10517-0-3,nyc,NYC,C,residential,0.762,50.0,4.0,5.249,1.0,0.088,1,20.0,1,20.0,20.0,1.0,,main,False,
NYC-nyc-53282-0-0|qp4,NYC-nyc-53282-0-0,nyc,NYC,C,residential,0.853,50.0,4.0,4.689,1.0,0.094,1,20.0,1,20.0,20.0,1.0,,main,False,
NYC-nyc-26803-0-0|qp6,NYC-nyc-26803-0-0,nyc,NYC,C,residential,1.158,50.0,6.0,5.181,1.0,1.293,1,0.0,0,0.0,0.0,,0.0,main,False,
NYC-nyc-49961-0-0|qp6,NYC-nyc-49961-0-0,nyc,NYC,C,residential,1.28,50.0,6.0,4.688,1.0,1.304,1,0.0,0,0.0,0.0,,0.0,main,False,
NYC-nyc-42824-0-0|qp7,NYC-nyc-42824-0-0,nyc,NYC,C,residential,1.311,50.0,7.0,5.339,1.0,1.292,1,0.0,0,0.0,0.0,,0.0,main,False,
NYC-nyc-72803-0-0|qp7,NYC-nyc-72803-0-0,nyc,NYC,C,residential,1.311,50.0,7.0,5.339,1.0,1.291,1,0.0,0,0.0,0.0,,0.0,main,False,
NYC-nyc-110605-0-2|qp8,NYC-nyc-110605-0-2,nyc,NYC,A,residential,1.707,50.0,8.0,4.687,1.0,1.32,1,12.0,0,6.0,7.0,0.567,0.133,main,True,6.0
NYC-nyc-182996-0-0|qp8,NYC-nyc-182996-0-0,nyc,NYC,C,residential,1.585,50.0,8.0,5.047,1.0,1.319,1,6.0,0,5.0,5.0,0.767,0.267,main,False,
NYC-nyc-46079-0-1|qp8,NYC-nyc-46079-0-1,nyc,NYC,A,residential,1.676,50.0,8.0,4.773,1.0,1.32,1,12.0,0,6.0,6.0,0.433,0.067,main,True,5.0
NYC-nyc-10517-0-3|qp9,NYC-nyc-10517-0-3,nyc,NYC,C,residential,0.762,50.0,9.0,11.811,1.0,0.042,0,0.0,0,0.0,0.0,,,main,False,
NYC-nyc-199805-0-0|qp10,NYC-nyc-199805-0-0,nyc,NYC,A,residential,2.073,50.0,10.0,4.824,1.0,1.316,1,15.0,0,10.0,10.0,0.767,0.3,main,True,8.0
NYC-nyc-53282-0-0|qp10,NYC-nyc-53282-0-0,nyc,NYC,C,residential,0.853,50.0,10.0,11.723,1.0,0.046,0,0.0,0,0.0,0.0,,,main,False,
NYC-nyc-17655-0-0|qp12,NYC-nyc-17655-0-0,nyc,NYC,A,residential,2.408,50.0,12.0,4.983,1.0,1.324,1,20.0,1,18.0,18.0,0.733,,main,True,9.0
NYC-nyc-27695-0-3|qp12,NYC-nyc-27695-0-3,nyc,NYC,A,residential,2.377,50.0,12.0,5.048,1.0,1.323,1,20.0,1,15.0,16.0,0.667,,main,True,9.0
NYC-nyc-214464-0-0|qp13,NYC-nyc-214464-0-0,nyc,NYC,A,residential,2.56,50.0,13.0,5.078,1.0,1.324,1,20.0,1,20.0,20.0,0.967,,main,True,10.0
NYC-nyc-26803-0-0|qp14,NYC-nyc-26803-0-0,nyc,NYC,C,residential,1.158,50.0,14.0,12.09,1.0,1.192,1,0.0,0,0.0,0.0,,0.0,main,False,
NYC-nyc-49961-0-0|qp15,NYC-nyc-49961-0-0,nyc,NYC,C,residential,1.28,50.0,15.0,11.719,1.0,1.226,1,0.0,0,0.0,0.0,,0.0,main,False,
NYC-nyc-59808-0-1|qp15,NYC-nyc-59808-0-1,nyc,NYC,A,residential,3.048,50.0,15.0,4.921,1.0,1.322,1,20.0,1,20.0,20.0,1.0,,main,False,
NYC-nyc-20131-0-2|qp16,NYC-nyc-20131-0-2,nyc,NYC,A,residential,3.17,50.0,16.0,5.047,1.0,1.325,1,20.0,1,20.0,20.0,0.967,,main,False,
NYC-nyc-42824-0-0|qp16,NYC-nyc-42824-0-0,nyc,NYC,C,residential,1.311,50.0,16.0,12.204,1.0,1.239,1,0.0,0,0.0,0.0,,0.0,main,False,
NYC-nyc-72803-0-0|qp16,NYC-nyc-72803-0-0,nyc,NYC,C,residential,1.311,50.0,16.0,12.204,1.0,1.236,1,0.0,0,0.0,0.0,,0.0,main,False,
NYC-nyc-182996-0-0|qp19,NYC-nyc-182996-0-0,nyc,NYC,C,residential,1.585,50.0,19.0,11.987,1.0,1.266,1,4.0,0,3.0,3.0,0.8,0.067,main,False,
NYC-nyc-9648-0-0|qp19,NYC-nyc-9648-0-0,nyc,NYC,A,residential,3.719,50.0,19.0,5.109,1.0,1.321,1,20.0,1,18.0,19.0,0.9,,main,False,
NYC-nyc-110605-0-2|qp20,NYC-nyc-110605-0-2,nyc,NYC,A,residential,1.707,50.0,20.0,11.716,1.0,1.262,1,6.0,0,4.0,4.0,0.933,0.4,main,True,0.0
NYC-nyc-46079-0-1|qp20,NYC-nyc-46079-0-1,nyc,NYC,A,residential,1.676,50.0,20.0,11.933,1.0,1.256,1,6.0,0,5.0,5.0,0.933,0.267,main,True,0.0
NYC-nyc-199805-0-0|qp25,NYC-nyc-199805-0-0,nyc,NYC,A,residential,2.073,50.0,25.0,12.06,1.0,1.241,1,8.0,0,6.0,7.0,0.9,0.667,main,True,1.0
NYC-nyc-62758-0-0|qp25,NYC-nyc-62758-0-0,nyc,NYC,A,residential,5.06,50.0,25.0,4.941,1.0,1.295,1,20.0,1,18.0,18.0,0.867,,main,False,
NYC-nyc-27695-0-3|qp28,NYC-nyc-27695-0-3,nyc,NYC,A,residential,2.377,50.0,28.0,11.78,1.0,1.265,1,15.0,0,10.0,10.0,0.467,0.167,main,True,2.0
NYC-nyc-31649-0-0|qp28,NYC-nyc-31649-0-0,nyc,NYC,A,commercial,1.859,50.0,28.0,15.062,1.0,1.195,1,5.0,0,3.0,3.0,0.867,0.767,main,True,0.0
NYC-nyc-17655-0-0|qp29,NYC-nyc-17655-0-0,nyc,NYC,A,residential,2.408,50.0,29.0,12.043,1.0,1.26,1,15.0,0,10.0,11.0,0.567,0.3,main,True,2.0
NYC-nyc-214464-0-0|qp31,NYC-nyc-214464-0-0,nyc,NYC,A,residential,2.56,50.0,31.0,12.109,1.0,1.262,1,18.0,0,12.0,12.0,0.667,0.2,main,True,2.0
NYC-nyc-98749-0-2|qp32,NYC-nyc-98749-0-2,nyc,NYC,A,commercial,2.103,50.0,32.0,15.216,1.0,1.203,1,8.0,0,6.0,6.0,0.8,0.433,main,True,0.0
NYC-nyc-267383-0-0|qp35,NYC-nyc-267383-0-0,nyc,NYC,A,commercial,2.347,50.0,35.0,14.913,1.0,1.229,1,12.0,0,8.0,9.0,0.733,0.267,main,True,1.0
NYC-nyc-59808-0-1|qp37,NYC-nyc-59808-0-1,nyc,NYC,A,residential,3.048,50.0,37.0,12.139,1.0,1.246,1,15.0,0,12.0,12.0,0.733,0.233,main,False,
NYC-nyc-20131-0-2|qp38,NYC-nyc-20131-0-2,nyc,NYC,A,residential,3.17,50.0,38.0,11.987,1.0,1.246,1,15.0,0,10.0,11.0,0.8,0.233,main,False,
NYC-nyc-9648-0-0|qp45,NYC-nyc-9648-0-0,nyc,NYC,A,residential,3.719,50.0,45.0,12.1,1.0,1.221,1,15.0,0,10.0,11.0,0.633,0.1,main,False,
NYC-nyc-31649-0-0|qp46,NYC-nyc-31649-0-0,nyc,NYC,A,commercial,1.859,50.0,46.0,24.744,1.0,1.029,1,0.0,0,0.0,0.0,,0.8,main,True,0.0
NYC-nyc-98749-0-2|qp53,NYC-nyc-98749-0-2,nyc,NYC,A,commercial,2.103,50.0,53.0,25.202,1.0,1.053,1,0.0,0,0.0,0.0,,0.6,main,True,0.0
NYC-nyc-267383-0-0|qp59,NYC-nyc-267383-0-0,nyc,NYC,A,commercial,2.347,50.0,59.0,25.138,1.0,1.137,1,2.0,0,2.0,2.0,0.967,0.733,main,True,0.0
NYC-nyc-62758-0-0|qp61,NYC-nyc-62758-0-0,nyc,NYC,A,residential,5.06,50.0,61.0,12.055,1.0,1.167,1,12.0,0,8.0,8.0,0.5,0.467,main,False,
SEA-seattle-5432169-0-1|qp8,SEA-seattle-5432169-0-1,seattle,SEA,A,residential,1.651,50.0,8.0,4.846,1.0,1.316,1,10.0,0,6.0,6.0,0.567,0.567,main,True,5.0
SEA-seattle-5439807-0-1|qp8,SEA-seattle-5439807-0-1,seattle,SEA,C,residential,1.524,50.0,8.0,5.249,1.0,1.314,1,0.0,0,0.0,0.0,,0.1,main,False,
SEA-seattle-5442697-0-2|qp8,SEA-seattle-5442697-0-2,seattle,SEA,C,residential,1.524,50.0,8.0,5.249,1.0,1.314,1,0.0,0,0.0,0.0,,0.033,main,False,
SEA-seattle-5455466-0-0|qp8,SEA-seattle-5455466-0-0,seattle,SEA,C,residential,1.524,50.0,8.0,5.249,1.0,1.314,1,0.0,0,0.0,0.0,,0.0,main,False,
SEA-seattle-5455998-0-0|qp8,SEA-seattle-5455998-0-0,seattle,SEA,C,residential,1.524,50.0,8.0,5.249,1.0288,1.328,1,0.0,0,0.0,0.0,,0.3,main,False,
SEA-seattle-5457277-0-2|qp8,SEA-seattle-5457277-0-2,seattle,SEA,C,residential,1.524,50.0,8.0,5.249,1.0,1.314,1,0.0,0,0.0,0.0,,0.0,main,False,
SEA-seattle-5426480-0-0|qp9,SEA-seattle-5426480-0-0,seattle,SEA,A,residential,1.829,50.0,9.0,4.921,1.0,1.315,1,15.0,0,6.0,7.0,0.533,0.167,main,True,6.0
SEA-seattle-5433778-0-0|qp9,SEA-seattle-5433778-0-0,seattle,SEA,A,residential,1.829,50.0,9.0,4.921,1.0,1.314,1,12.0,0,6.0,7.0,0.8,0.467,main,True,6.0
SEA-seattle-5438086-0-1|qp9,SEA-seattle-5438086-0-1,seattle,SEA,A,residential,1.829,50.0,9.0,4.921,1.0,1.321,1,12.0,0,10.0,10.0,0.767,0.433,main,True,6.0
SEA-seattle-5449118-0-0|qp9,SEA-seattle-5449118-0-0,seattle,SEA,A,residential,1.829,50.0,9.0,4.921,1.0,1.316,1,15.0,0,6.0,7.0,0.567,0.2,main,True,6.0
SEA-seattle-5449903-0-0|qp9,SEA-seattle-5449903-0-0,seattle,SEA,A,residential,1.829,50.0,9.0,4.921,1.0,1.313,1,15.0,0,8.0,9.0,0.5,0.3,main,True,6.0
SEA-seattle-5453813-0-0|qp9,SEA-seattle-5453813-0-0,seattle,SEA,A,residential,1.829,50.0,9.0,4.921,1.0022,1.262,1,15.0,0,8.0,8.0,0.8,0.533,main,True,6.0
SEA-seattle-5452128-0-1|qp12,SEA-seattle-5452128-0-1,seattle,SEA,A,residential,2.438,50.0,12.0,4.922,1.0,1.324,1,20.0,1,18.0,18.0,0.867,,main,True,10.0
SEA-seattle-5454776-0-1|qp13,SEA-seattle-5454776-0-1,seattle,SEA,A,residential,2.591,50.0,13.0,5.017,1.0,1.323,1,20.0,1,20.0,20.0,0.967,,main,True,10.0
SEA-seattle-5439807-0-1|qp18,SEA-seattle-5439807-0-1,seattle,SEA,C,residential,1.524,50.0,18.0,11.811,1.0,1.265,1,0.0,0,0.0,0.0,,0.033,main,False,
SEA-seattle-5441957-0-1|qp18,SEA-seattle-5441957-0-1,seattle,SEA,C,commercial,1.168,50.0,18.0,15.411,1.0,1.161,1,0.0,0,0.0,0.0,,0.0,main,False,
SEA-seattle-5442697-0-2|qp18,SEA-seattle-5442697-0-2,seattle,SEA,C,residential,1.524,50.0,18.0,11.811,1.0,1.265,1,0.0,0,0.0,0.0,,0.067,main,False,
SEA-seattle-5455466-0-0|qp18,SEA-seattle-5455466-0-0,seattle,SEA,C,residential,1.524,50.0,18.0,11.811,1.0,1.267,1,0.0,0,0.0,0.0,,0.1,main,False,
SEA-seattle-5455998-0-0|qp18,SEA-seattle-5455998-0-0,seattle,SEA,C,residential,1.524,50.0,18.0,11.811,1.0288,1.325,1,0.0,0,0.0,0.0,,0.5,main,False,
SEA-seattle-5457277-0-2|qp18,SEA-seattle-5457277-0-2,seattle,SEA,C,residential,1.524,50.0,18.0,11.811,1.0,1.265,1,0.0,0,0.0,0.0,,0.033,main,False,
SEA-seattle-5432169-0-1|qp20,SEA-seattle-5432169-0-1,seattle,SEA,A,residential,1.651,50.0,20.0,12.114,1.0,1.25,1,6.0,0,5.0,5.0,0.833,0.133,main,True,0.0
SEA-seattle-5426480-0-0|qp22,SEA-seattle-5426480-0-0,seattle,SEA,A,residential,1.829,50.0,22.0,12.028,1.0,1.231,1,6.0,0,5.0,5.0,0.9,0.667,main,True,1.0
SEA-seattle-5433778-0-0|qp22,SEA-seattle-5433778-0-0,seattle,SEA,A,residential,1.829,50.0,22.0,12.028,1.0,1.237,1,6.0,0,5.0,5.0,0.833,0.533,main,True,1.0
SEA-seattle-5438086-0-1|qp22,SEA-seattle-5438086-0-1,seattle,SEA,A,residential,1.829,50.0,22.0,12.028,1.0,1.241,1,5.0,0,4.0,4.0,0.933,0.933,main,True,1.0
SEA-seattle-5449118-0-0|qp22,SEA-seattle-5449118-0-0,seattle,SEA,A,residential,1.829,50.0,22.0,12.028,1.0,1.233,1,6.0,0,5.0,5.0,0.867,0.5,main,True,1.0
SEA-seattle-5449903-0-0|qp22,SEA-seattle-5449903-0-0,seattle,SEA,A,residential,1.829,50.0,22.0,12.028,1.0,1.227,1,6.0,0,6.0,6.0,0.967,0.567,main,True,1.0
SEA-seattle-5453813-0-0|qp22,SEA-seattle-5453813-0-0,seattle,SEA,A,residential,1.829,50.0,22.0,12.028,1.0022,1.195,1,10.0,0,8.0,8.0,0.767,0.467,main,True,1.0
SEA-seattle-5451525-0-0|qp23,SEA-seattle-5451525-0-0,seattle,SEA,C,commercial,1.524,50.0,23.0,15.092,1.0814,0.879,1,0.0,0,0.0,0.0,,0.0,main,False,
SEA-seattle-5441957-0-1|qp29,SEA-seattle-5441957-0-1,seattle,SEA,C,commercial,1.168,50.0,29.0,24.829,1.0,1.046,1,0.0,0,0.0,0.0,,0.0,main,False,
SEA-seattle-5452128-0-1|qp29,SEA-seattle-5452128-0-1,seattle,SEA,A,residential,2.438,50.0,29.0,11.895,1.0,1.264,1,12.0,0,12.0,12.0,0.967,0.633,main,True,2.0
SEA-seattle-5454776-0-1|qp31,SEA-seattle-5454776-0-1,seattle,SEA,A,residential,2.591,50.0,31.0,11.964,1.0,1.266,1,18.0,0,12.0,13.0,0.633,0.2,main,True,2.0
SEA-seattle-5434873-0-0|qp37,SEA-seattle-5434873-0-0,seattle,SEA,A,commercial,2.438,50.0,37.0,15.176,1.0,1.232,1,12.0,0,10.0,10.0,0.867,0.367,main,True,1.0
SEA-seattle-5426595-0-0|qp38,SEA-seattle-5426595-0-0,seattle,SEA,A,commercial,2.54,50.0,38.0,14.961,1.0,1.238,1,15.0,0,10.0,11.0,0.533,0.067,main,True,1.0
SEA-seattle-5451525-0-0|qp38,SEA-seattle-5451525-0-0,seattle,SEA,C,commercial,1.524,50.0,38.0,24.934,1.0814,0.845,1,0.0,0,0.0,0.0,,0.0,main,False,
SEA-seattle-5434873-0-0|qp61,SEA-seattle-5434873-0-0,seattle,SEA,A,commercial,2.438,50.0,61.0,25.021,1.0,1.151,1,3.0,0,1.0,1.0,0.7,0.467,main,False,
SEA-seattle-5445989-0-0|qp61,SEA-seattle-5445989-0-0,seattle,SEA,A,commercial,4.064,50.0,61.0,15.01,1.0,1.167,1,10.0,0,6.0,7.0,0.5,0.367,main,False,
SEA-seattle-5423808-0-1|qp62,SEA-seattle-5423808-0-1,seattle,SEA,A,commercial,4.115,50.0,62.0,15.067,1.0,1.163,1,10.0,0,6.0,7.0,0.633,0.233,main,False,
SEA-seattle-5426595-0-0|qp64,SEA-seattle-5426595-0-0,seattle,SEA,A,commercial,2.54,50.0,64.0,25.197,1.0,1.148,1,3.0,0,1.0,1.0,0.767,0.333,main,False,
SEA-seattle-5445989-0-0|qp102,SEA-seattle-5445989-0-0,seattle,SEA,A,commercial,4.064,50.0,102.0,25.098,1.0,0.962,1,5.0,0,1.0,1.0,0.6,0.267,main,False,
SEA-seattle-5423808-0-1|qp103,SEA-seattle-5423808-0-1,seattle,SEA,A,commercial,4.115,50.0,103.0,25.03,1.0,0.95,1,5.0,0,2.0,2.0,0.567,0.333,main,False,
TPE-taipei-idx5185-0-1|qp6,TPE-taipei-idx5185-0-1,taipei,TPE,C,residential,1.2,50.0,6.0,5.0,1.0,1.3,1,0.0,0,0.0,0.0,,0.0,main,False,
TPE-taipei-idx9524-0-2|qp6,TPE-taipei-idx9524-0-2,taipei,TPE,C,residential,1.19,50.0,6.0,5.042,1.0,1.3,1,0.0,0,0.0,0.0,,0.0,main,False,
TPE-taipei-idx12521-0-5|qp9,TPE-taipei-idx12521-0-5,taipei,TPE,A,residential,1.75,50.0,9.0,5.143,1.0,1.317,1,10.0,0,5.0,5.0,0.733,0.467,main,True,5.0
TPE-taipei-idx14193-0-0|qp10,TPE-taipei-idx14193-0-0,taipei,TPE,A,residential,1.99,50.0,10.0,5.025,1.0,1.314,1,15.0,0,10.0,10.0,0.633,0.267,main,True,7.0
TPE-taipei-idx1592-0-2|qp10,TPE-taipei-idx1592-0-2,taipei,TPE,A,residential,1.96,50.0,10.0,5.102,1.0,1.311,1,15.0,0,10.0,10.0,0.533,0.133,main,True,7.0
TPE-taipei-idx326-0-1|qp10,TPE-taipei-idx326-0-1,taipei,TPE,A,residential,2.05,50.0,10.0,4.878,1.0,1.314,1,15.0,0,8.0,9.0,0.767,0.167,main,True,8.0
TPE-taipei-idx674-0-1|qp10,TPE-taipei-idx674-0-1,taipei,TPE,A,residential,2.06,50.0,10.0,4.854,1.0,1.315,1,15.0,0,10.0,10.0,0.733,0.467,main,True,8.0
TPE-taipei-idx15074-0-0|qp12,TPE-taipei-idx15074-0-0,taipei,TPE,A,residential,2.36,50.0,12.0,5.085,1.0,1.323,1,20.0,1,15.0,15.0,0.633,,main,True,9.0
TPE-taipei-idx5185-0-1|qp14,TPE-taipei-idx5185-0-1,taipei,TPE,C,residential,1.2,50.0,14.0,11.667,1.0,1.215,1,0.0,0,0.0,0.0,,0.0,main,False,
TPE-taipei-idx9524-0-2|qp14,TPE-taipei-idx9524-0-2,taipei,TPE,C,residential,1.19,50.0,14.0,11.765,1.0,1.214,1,0.0,0,0.0,0.0,,0.0,main,False,
TPE-taipei-idx4344-0-0|qp18,TPE-taipei-idx4344-0-0,taipei,TPE,A,residential,3.54,50.0,18.0,5.085,1.0,1.321,1,20.0,1,18.0,19.0,0.9,,main,False,
TPE-taipei-idx5150-0-0|qp18,TPE-taipei-idx5150-0-0,taipei,TPE,C,commercial,1.2,50.0,18.0,15.0,1.0,1.174,1,0.0,0,0.0,0.0,,0.0,main,False,
TPE-taipei-idx5283-0-0|qp18,TPE-taipei-idx5283-0-0,taipei,TPE,C,commercial,1.2,50.0,18.0,15.0,1.0,1.174,1,0.0,0,0.0,0.0,,0.0,main,False,
TPE-taipei-idx5349-0-1|qp18,TPE-taipei-idx5349-0-1,taipei,TPE,C,commercial,1.2,50.0,18.0,15.0,1.0,1.175,1,0.0,0,0.0,0.0,,0.0,main,False,
TPE-taipei-idx9453-0-1|qp18,TPE-taipei-idx9453-0-1,taipei,TPE,A,residential,3.55,50.0,18.0,5.07,1.0,1.323,1,20.0,1,18.0,19.0,0.933,,main,False,
TPE-taipei-idx2314-0-0|qp19,TPE-taipei-idx2314-0-0,taipei,TPE,C,commercial,1.27,50.0,19.0,14.961,1.0,1.195,1,0.0,0,0.0,0.0,,0.0,main,False,
TPE-taipei-idx12521-0-5|qp21,TPE-taipei-idx12521-0-5,taipei,TPE,A,residential,1.75,50.0,21.0,12.0,1.0,1.246,1,6.0,0,4.0,4.0,0.733,0.433,main,True,0.0
TPE-taipei-idx12764-0-0|qp22,TPE-taipei-idx12764-0-0,taipei,TPE,C,commercial,1.48,50.0,22.0,14.865,1.0,1.233,1,0.0,0,0.0,0.0,,0.0,main,False,
TPE-taipei-idx14193-0-0|qp24,TPE-taipei-idx14193-0-0,taipei,TPE,A,residential,1.99,50.0,24.0,12.06,1.0,1.231,1,6.0,0,6.0,7.0,1.0,0.733,main,True,1.0
TPE-taipei-idx1592-0-2|qp24,TPE-taipei-idx1592-0-2,taipei,TPE,A,residential,1.96,50.0,24.0,12.245,1.0,1.225,1,8.0,0,6.0,7.0,0.667,0.4,main,True,1.0
TPE-taipei-idx326-0-1|qp25,TPE-taipei-idx326-0-1,taipei,TPE,A,residential,2.05,50.0,25.0,12.195,1.0,1.236,1,10.0,0,6.0,6.0,0.567,0.233,main,True,1.0
TPE-taipei-idx674-0-1|qp25,TPE-taipei-idx674-0-1,taipei,TPE,A,residential,2.06,50.0,25.0,12.136,1.0,1.238,1,8.0,0,6.0,6.0,0.867,0.567,main,True,1.0
TPE-taipei-idx15074-0-0|qp28,TPE-taipei-idx15074-0-0,taipei,TPE,A,residential,2.36,50.0,28.0,11.864,1.0,1.264,1,12.0,0,10.0,10.0,0.833,0.5,main,True,2.0
TPE-taipei-idx5150-0-0|qp30,TPE-taipei-idx5150-0-0,taipei,TPE,C,commercial,1.2,50.0,30.0,25.0,1.0,1.058,1,0.0,0,0.0,0.0,,0.0,main,False,
TPE-taipei-idx5283-0-0|qp30,TPE-taipei-idx5283-0-0,taipei,TPE,C,commercial,1.2,50.0,30.0,25.0,1.0,1.058,1,0.0,0,0.0,0.0,,0.0,main,False,
TPE-taipei-idx5349-0-1|qp30,TPE-taipei-idx5349-0-1,taipei,TPE,C,commercial,1.2,50.0,30.0,25.0,1.0,1.06,1,0.0,0,0.0,0.0,,0.0,main,False,
TPE-taipei-idx9590-0-0|qp31,TPE-taipei-idx9590-0-0,taipei,TPE,A,commercial,2.04,50.0,31.0,15.196,1.0,1.195,1,6.0,0,4.0,4.0,0.9,0.733,main,True,0.0
TPE-taipei-idx2314-0-0|qp32,TPE-taipei-idx2314-0-0,taipei,TPE,C,commercial,1.27,50.0,32.0,25.197,1.0,1.082,1,0.0,0,0.0,0.0,,0.0,main,False,
TPE-taipei-idx12764-0-0|qp37,TPE-taipei-idx12764-0-0,taipei,TPE,C,commercial,1.48,50.0,37.0,25.0,1.0,1.096,1,0.0,0,0.0,0.0,,0.0,main,False,
TPE-taipei-idx15608-0-1|qp37,TPE-taipei-idx15608-0-1,taipei,TPE,A,commercial,2.48,50.0,37.0,14.919,1.0,1.237,1,12.0,0,10.0,10.0,0.867,0.433,main,True,1.0
TPE-taipei-idx11047-0-0|qp40,TPE-taipei-idx11047-0-0,taipei,TPE,A,commercial,2.69,50.0,40.0,14.87,1.0,1.235,1,15.0,0,10.0,11.0,0.5,0.0,main,True,2.0
TPE-taipei-idx4344-0-0|qp42,TPE-taipei-idx4344-0-0,taipei,TPE,A,residential,3.54,50.0,42.0,11.864,1.0,1.233,1,15.0,0,10.0,11.0,0.733,0.033,main,False,
TPE-taipei-idx9453-0-1|qp43,TPE-taipei-idx9453-0-1,taipei,TPE,A,residential,3.55,50.0,43.0,12.113,1.0,1.229,1,15.0,0,10.0,11.0,0.667,0.067,main,False,
TPE-taipei-idx813-0-1|qp45,TPE-taipei-idx813-0-1,taipei,TPE,A,commercial,2.99,50.0,45.0,15.05,1.0,1.218,1,12.0,0,10.0,10.0,0.867,0.133,main,True,2.0
TPE-taipei-idx9590-0-0|qp51,TPE-taipei-idx9590-0-0,taipei,TPE,A,commercial,2.04,50.0,51.0,25.0,1.0,1.046,1,0.0,0,0.0,0.0,,0.6,main,True,0.0
TPE-taipei-idx15608-0-1|qp62,TPE-taipei-idx15608-0-1,taipei,TPE,A,commercial,2.48,50.0,62.0,25.0,1.0,1.152,1,3.0,0,1.0,1.0,0.767,0.567,main,False,
TPE-taipei-idx11047-0-0|qp67,TPE-taipei-idx11047-0-0,taipei,TPE,A,commercial,2.69,50.0,67.0,24.907,1.0,1.135,1,3.0,0,1.0,1.0,0.633,0.333,main,False,
TPE-taipei-idx813-0-1|qp75,TPE-taipei-idx813-0-1,taipei,TPE,A,commercial,2.99,50.0,75.0,25.084,1.0,1.064,1,2.0,0,1.0,1.0,0.667,0.533,main,False,
TPE-taipei-idx16266-0-0|qp96,TPE-taipei-idx16266-0-0,taipei,TPE,A,MRT-frontage,3.19,50.0,96.0,30.094,1.0,0.882,1,0.0,0,0.0,0.0,,0.7,main,False,
TPE-taipei-idx16266-0-0|qp144,TPE-taipei-idx16266-0-0,taipei,TPE,A,MRT-frontage,3.19,50.0,144.0,45.141,1.0,0.248,0,0.0,0,0.0,0.0,,,main,False,
TAO-taoyuan-idx2361-0-3|qp2,TAO-taoyuan-idx2361-0-3,taoyuan,TAO,C,residential,0.51,50.0,2.0,3.922,1.0,0.0,1,0.0,0,0.0,0.0,,0.0,main,False,
TAO-taoyuan-idx8762-0-0|qp2,TAO-taoyuan-idx8762-0-0,taoyuan,TAO,C,residential,0.43,50.0,2.0,4.651,1.0,0.0,1,0.0,0,0.0,0.0,,0.0,main,False,
TAO-taoyuan-idx8762-0-0|qp5,TAO-taoyuan-idx8762-0-0,taoyuan,TAO,C,residential,0.43,50.0,5.0,11.628,1.0,0.0,1,0.0,0,0.0,0.0,,0.0,main,False,
TAO-taoyuan-idx2361-0-3|qp6,TAO-taoyuan-idx2361-0-3,taoyuan,TAO,C,residential,0.51,50.0,6.0,11.765,1.0,0.0,1,0.0,0,0.0,0.0,,0.0,main,False,
TAO-taoyuan-idx3665-0-0|qp6,TAO-taoyuan-idx3665-0-0,taoyuan,TAO,C,residential,1.2,50.0,6.0,5.0,1.0,1.301,1,0.0,0,0.0,0.0,,0.0,main,False,
TAO-taoyuan-idx6197-0-0|qp6,TAO-taoyuan-idx6197-0-0,taoyuan,TAO,C,residential,1.2,50.0,6.0,5.0,1.0,1.3,1,0.0,0,0.0,0.0,,0.0,main,False,
TAO-taoyuan-idx1898-0-4|qp7,TAO-taoyuan-idx1898-0-4,taoyuan,TAO,C,residential,1.46,50.0,7.0,4.795,1.0,1.311,1,0.0,0,0.0,0.0,,0.0,main,False,
TAO-taoyuan-idx9342-0-2|qp7,TAO-taoyuan-idx9342-0-2,taoyuan,TAO,C,residential,1.34,50.0,7.0,5.224,1.0,1.297,1,0.0,0,0.0,0.0,,0.0,main,False,
TAO-taoyuan-idx10181-0-0|qp9,TAO-taoyuan-idx10181-0-0,taoyuan,TAO,A,residential,1.8,50.0,9.0,5.0,1.0,1.318,1,12.0,0,6.0,6.0,0.633,0.3,main,True,6.0
TAO-taoyuan-idx5160-0-0|qp9,TAO-taoyuan-idx5160-0-0,taoyuan,TAO,A,residential,1.87,50.0,9.0,4.813,1.0,1.316,1,15.0,0,8.0,8.0,0.5,0.367,main,True,7.0
TAO-taoyuan-idx3430-0-3|qp10,TAO-taoyuan-idx3430-0-3,taoyuan,TAO,A,residential,2.04,50.0,10.0,4.902,1.0,1.317,1,15.0,0,8.0,9.0,0.733,0.367,main,True,7.0
TAO-taoyuan-idx718-0-1|qp10,TAO-taoyuan-idx718-0-1,taoyuan,TAO,A,residential,1.97,50.0,10.0,5.076,1.0,1.317,1,15.0,0,8.0,9.0,0.767,0.367,main,True,7.0
TAO-taoyuan-idx7044-0-7|qp11,TAO-taoyuan-idx7044-0-7,taoyuan,TAO,A,residential,2.23,50.0,11.0,4.933,1.0,1.324,1,18.0,0,10.0,11.0,0.767,0.633,main,True,8.0
TAO-taoyuan-idx3410-0-9|qp12,TAO-taoyuan-idx3410-0-9,taoyuan,TAO,A,residential,2.4,50.0,12.0,5.0,1.0,1.324,1,20.0,1,15.0,16.0,0.8,,main,True,9.0
TAO-taoyuan-idx6720-0-3|qp12,TAO-taoyuan-idx6720-0-3,taoyuan,TAO,A,residential,2.3,50.0,12.0,5.217,1.0,1.322,1,18.0,0,15.0,15.0,0.8,0.433,main,True,8.0
TAO-taoyuan-idx5379-0-4|qp13,TAO-taoyuan-idx5379-0-4,taoyuan,TAO,A,residential,2.6,50.0,13.0,5.0,1.0,1.324,1,20.0,1,20.0,20.0,0.967,,main,True,10.0
TAO-taoyuan-idx3665-0-0|qp14,TAO-taoyuan-idx3665-0-0,taoyuan,TAO,C,residential,1.2,50.0,14.0,11.667,1.0,1.215,1,0.0,0,0.0,0.0,,0.0,main,False,
TAO-taoyuan-idx6197-0-0|qp14,TAO-taoyuan-idx6197-0-0,taoyuan,TAO,C,residential,1.2,50.0,14.0,11.667,1.0,1.215,1,0.0,0,0.0,0.0,,0.0,main,False,
TAO-taoyuan-idx158-0-0|qp15,TAO-taoyuan-idx158-0-0,taoyuan,TAO,A,residential,3.0,50.0,15.0,5.0,1.0,1.322,1,20.0,1,20.0,20.0,1.0,,main,True,12.0
TAO-taoyuan-idx9038-0-2|qp15,TAO-taoyuan-idx9038-0-2,taoyuan,TAO,A,residential,3.07,50.0,15.0,4.886,1.0,1.324,1,20.0,1,20.0,20.0,1.0,,main,False,
TAO-taoyuan-idx9342-0-2|qp16,TAO-taoyuan-idx9342-0-2,taoyuan,TAO,C,residential,1.34,50.0,16.0,11.94,1.0,1.258,1,0.0,0,0.0,0.0,,0.0,main,False,
TAO-taoyuan-idx1898-0-4|qp18,TAO-taoyuan-idx1898-0-4,taoyuan,TAO,C,residential,1.46,50.0,18.0,12.329,1.0,1.267,1,0.0,0,0.0,0.0,,0.0,main,False,
TAO-taoyuan-idx373-0-1|qp18,TAO-taoyuan-idx373-0-1,taoyuan,TAO,C,commercial,1.2,50.0,18.0,15.0,1.0,1.175,1,0.0,0,0.0,0.0,,0.0,main,False,
TAO-taoyuan-idx10181-0-0|qp22,TAO-taoyuan-idx10181-0-0,taoyuan,TAO,A,residential,1.8,50.0,22.0,12.222,1.0,1.225,1,6.0,0,6.0,6.0,0.967,0.6,main,True,1.0
TAO-taoyuan-idx5160-0-0|qp22,TAO-taoyuan-idx5160-0-0,taoyuan,TAO,A,residential,1.87,50.0,22.0,11.765,1.0,1.235,1,8.0,0,6.0,6.0,0.633,0.367,main,True,1.0
TAO-taoyuan-idx3430-0-3|qp24,TAO-taoyuan-idx3430-0-3,taoyuan,TAO,A,residential,2.04,50.0,24.0,11.765,1.0,1.239,1,10.0,0,8.0,8.0,0.6,0.2,main,True,1.0
TAO-taoyuan-idx718-0-1|qp24,TAO-taoyuan-idx718-0-1,taoyuan,TAO,A,residential,1.97,50.0,24.0,12.183,1.0,1.235,1,8.0,0,6.0,7.0,0.767,0.3,main,True,1.0
TAO-taoyuan-idx7044-0-7|qp27,TAO-taoyuan-idx7044-0-7,taoyuan,TAO,A,residential,2.23,50.0,27.0,12.108,1.0,1.255,1,12.0,0,10.0,10.0,0.7,0.133,main,True,2.0
TAO-taoyuan-idx6720-0-3|qp28,TAO-taoyuan-idx6720-0-3,taoyuan,TAO,A,residential,2.3,50.0,28.0,12.174,1.0,1.26,1,12.0,0,10.0,10.0,0.8,0.333,main,True,2.0
TAO-taoyuan-idx3410-0-9|qp29,TAO-taoyuan-idx3410-0-9,taoyuan,TAO,A,residential,2.4,50.0,29.0,12.083,1.0,1.26,1,15.0,0,10.0,11.0,0.6,0.2,main,True,2.0
TAO-taoyuan-idx373-0-1|qp30,TAO-taoyuan-idx373-0-1,taoyuan,TAO,C,commercial,1.2,50.0,30.0,25.0,1.0,1.06,1,0.0,0,0.0,0.0,,0.0,main,False,
TAO-taoyuan-idx5379-0-4|qp31,TAO-taoyuan-idx5379-0-4,taoyuan,TAO,A,residential,2.6,50.0,31.0,11.923,1.0,1.263,1,18.0,0,12.0,12.0,0.633,0.3,main,True,2.0
TAO-taoyuan-idx578-0-8|qp34,TAO-taoyuan-idx578-0-8,taoyuan,TAO,A,commercial,2.28,50.0,34.0,14.912,1.0,1.224,1,12.0,0,8.0,8.0,0.633,0.2,main,True,1.0
TAO-taoyuan-idx531-0-1|qp35,TAO-taoyuan-idx531-0-1,taoyuan,TAO,A,residential,6.92,50.0,35.0,5.058,1.0,1.257,1,18.0,0,12.0,13.0,0.667,0.433,main,False,
TAO-taoyuan-idx158-0-0|qp36,TAO-taoyuan-idx158-0-0,taoyuan,TAO,A,residential,3.0,50.0,36.0,12.0,1.0,1.254,1,15.0,0,10.0,11.0,0.8,0.367,main,True,3.0
TAO-taoyuan-idx9038-0-2|qp37,TAO-taoyuan-idx9038-0-2,taoyuan,TAO,A,residential,3.07,50.0,37.0,12.052,1.0,1.25,1,15.0,0,12.0,13.0,0.767,0.267,main,False,
TAO-taoyuan-idx578-0-8|qp57,TAO-taoyuan-idx578-0-8,taoyuan,TAO,A,commercial,2.28,50.0,57.0,25.0,1.0,1.124,1,4.0,0,1.0,1.0,0.6,0.2,main,True,0.0
TAO-taoyuan-idx6656-0-0|qp75,TAO-taoyuan-idx6656-0-0,taoyuan,TAO,A,commercial,5.0,50.0,75.0,15.0,1.0,0.0,0,0.0,0,0.0,0.0,,,main,False,
TAO-taoyuan-idx531-0-1|qp83,TAO-taoyuan-idx531-0-1,taoyuan,TAO,A,residential,6.92,50.0,83.0,11.994,1.0,1.001,1,20.0,1,10.0,11.0,0.7,,main,False,
TAO-taoyuan-idx6656-0-0|qp125,TAO-taoyuan-idx6656-0-0,taoyuan,TAO,A,commercial,5.0,50.0,125.0,25.0,1.0,0.0,0,0.0,0,0.0,0.0,,,main,False,
DC-018|qp11.6,AMS-amsterdam-chain-77474-550,amsterdam,AMS,C,residential,0.643,50.0,11.6,18.04,1.0003,0.022,0,0.0,0,0.0,0.0,,,decoupled,False,
DC-019|qp15.4,AMS-amsterdam-chain-77474-550,amsterdam,AMS,C,residential,0.643,50.0,15.4,23.95,1.0003,0.012,0,0.0,0,0.0,0.0,,,decoupled,False,
DC-021|qp16.4,AMS-amsterdam-chain-75190-0,amsterdam,AMS,C,residential,0.91,50.0,16.4,18.022,1.0001,0.044,0,0.0,0,0.0,0.0,,,decoupled,False,
DC-020|qp19.3,AMS-amsterdam-chain-77474-550,amsterdam,AMS,C,residential,0.643,50.0,19.3,30.016,1.0003,0.006,0,0.0,0,0.0,0.0,,,decoupled,False,
DC-022|qp21.8,AMS-amsterdam-chain-75190-0,amsterdam,AMS,C,residential,0.91,50.0,21.8,23.956,1.0001,0.027,0,0.0,0,0.0,0.0,,,decoupled,False,
DC-023|qp27.3,AMS-amsterdam-chain-75190-0,amsterdam,AMS,C,residential,0.91,50.0,27.3,30.0,1.0001,0.017,0,0.0,0,0.0,0.0,,,decoupled,False,
DC-024|qp35.3,AMS-amsterdam-chain-173340-0,amsterdam,AMS,B,residential,1.96,50.0,35.3,18.01,1.3994,0.0,0,0.0,0,0.0,0.0,,,decoupled,False,
DC-027|qp35.4,AMS-amsterdam-chain-3511-0,amsterdam,AMS,B,residential,1.969,50.0,35.4,17.979,1.3121,0.0,0,0.0,0,0.0,0.0,,,decoupled,False,
DC-025|qp47.0,AMS-amsterdam-chain-173340-0,amsterdam,AMS,B,residential,1.96,50.0,47.0,23.98,1.3994,0.0,0,0.0,0,0.0,0.0,,,decoupled,False,
DC-028|qp47.3,AMS-amsterdam-chain-3511-0,amsterdam,AMS,B,residential,1.969,50.0,47.3,24.022,1.3121,0.0,0,0.0,0,0.0,0.0,,,decoupled,False,
DC-030|qp50.3,AMS-amsterdam-chain-22812-0,amsterdam,AMS,B,residential,2.796,50.0,50.3,17.99,1.0839,1.176,1,6.0,0,4.0,4.0,0.733,0.1,decoupled,False,
DC-026|qp58.8,AMS-amsterdam-chain-173340-0,amsterdam,AMS,B,residential,1.96,50.0,58.8,30.0,1.3994,0.0,0,0.0,0,0.0,0.0,,,decoupled,False,
DC-029|qp59.1,AMS-amsterdam-chain-3511-0,amsterdam,AMS,B,residential,1.969,50.0,59.1,30.015,1.3121,0.0,0,0.0,0,0.0,0.0,,,decoupled,False,
DC-033|qp65.7,AMS-amsterdam-chain-142287-0,amsterdam,AMS,B,residential,3.651,50.0,65.7,17.995,1.0464,0.0,0,0.0,0,0.0,0.0,,,decoupled,False,
DC-031|qp67.1,AMS-amsterdam-chain-22812-0,amsterdam,AMS,B,residential,2.796,50.0,67.1,23.999,1.0839,0.798,0,0.0,0,0.0,0.0,,,decoupled,False,
DC-032|qp83.9,AMS-amsterdam-chain-22812-0,amsterdam,AMS,B,residential,2.796,50.0,83.9,30.007,1.0839,0.25,0,0.0,0,0.0,0.0,,,decoupled,False,
DC-034|qp87.6,AMS-amsterdam-chain-142287-0,amsterdam,AMS,B,residential,3.651,50.0,87.6,23.993,1.0464,0.0,0,0.0,0,0.0,0.0,,,decoupled,False,
DC-035|qp109.5,AMS-amsterdam-chain-142287-0,amsterdam,AMS,B,residential,3.651,50.0,109.5,29.992,1.0464,0.0,0,0.0,0,0.0,0.0,,,decoupled,False,
DC-036|qp3.8,MEL-melbourne-RPSP1011231-0-5,melbourne,MEL,C,residential,0.209,50.0,3.8,18.182,1.0,0.0,1,0.0,0,0.0,0.0,,0.0,decoupled,False,
DC-037|qp5.0,MEL-melbourne-RPSP1011231-0-5,melbourne,MEL,C,residential,0.209,50.0,5.0,23.923,1.0,0.0,1,0.0,0,0.0,0.0,,0.0,decoupled,False,
DC-039|qp5.5,MEL-melbourne-RPSP03A13291L1-0-0,melbourne,MEL,C,commercial,0.305,50.0,5.5,18.033,1.0,0.0,1,0.0,0,0.0,0.0,,0.0,decoupled,False,
DC-038|qp6.3,MEL-melbourne-RPSP1011231-0-5,melbourne,MEL,C,residential,0.209,50.0,6.3,30.144,1.0,0.0,1,0.0,0,0.0,0.0,,0.0,decoupled,False,
DC-040|qp7.3,MEL-melbourne-RPSP03A13291L1-0-0,melbourne,MEL,C,commercial,0.305,50.0,7.3,23.934,1.0,0.0,1,0.0,0,0.0,0.0,,0.0,decoupled,False,
DC-041|qp9.2,MEL-melbourne-RPSP03A13291L1-0-0,melbourne,MEL,C,commercial,0.305,50.0,9.2,30.164,1.0,0.0,1,0.0,0,0.0,0.0,,0.0,decoupled,False,
DC-042|qp30.5,MEL-melbourne-1389612-0-2,melbourne,MEL,A,residential,1.697,50.0,30.5,17.973,1.0,1.152,1,2.0,0,1.0,1.0,0.9,0.667,decoupled,True,0.0
DC-045|qp31.5,MEL-melbourne-1465622-0-2,melbourne,MEL,A,residential,1.749,50.0,31.5,18.01,1.0,1.158,1,4.0,0,1.0,1.0,0.8,0.633,decoupled,True,0.0
DC-043|qp40.7,MEL-melbourne-1389612-0-2,melbourne,MEL,A,residential,1.697,50.0,40.7,23.984,1.0,1.008,1,1.0,0,0.0,0.0,0.833,0.633,decoupled,True,0.0
DC-046|qp42.0,MEL-melbourne-1465622-0-2,melbourne,MEL,A,residential,1.749,50.0,42.0,24.014,1.0,1.057,1,1.0,0,0.0,0.0,0.833,0.667,decoupled,True,0.0
DC-048|qp49.0,MEL-melbourne-1389823-0-3,melbourne,MEL,A,residential,2.722,50.0,49.0,18.001,1.0,1.2,1,10.0,0,8.0,8.0,0.733,0.2,decoupled,True,1.0
DC-044|qp50.9,MEL-melbourne-1389612-0-2,melbourne,MEL,A,residential,1.697,50.0,50.9,29.994,1.0,0.7,1,0.0,0,0.0,0.0,,0.233,decoupled,True,0.0
DC-047|qp52.5,MEL-melbourne-1465622-0-2,melbourne,MEL,A,residential,1.749,50.0,52.5,30.017,1.0,0.902,1,0.0,0,0.0,0.0,,0.633,decoupled,True,0.0
DC-051|qp65.0,MEL-melbourne-RPSP03A10530L1-0-0,melbourne,MEL,A,commercial,3.609,50.0,65.0,18.011,1.0,1.15,1,8.0,0,6.0,6.0,0.6,0.167,decoupled,False,
DC-049|qp65.3,MEL-melbourne-1389823-0-3,melbourne,MEL,A,residential,2.722,50.0,65.3,23.99,1.0,1.136,1,3.0,0,0.0,0.0,0.833,0.5,decoupled,False,
DC-050|qp81.7,MEL-melbourne-1389823-0-3,melbourne,MEL,A,residential,2.722,50.0,81.7,30.015,1.0,0.944,1,0.0,0,0.0,0.0,,0.333,decoupled,False,
DC-052|qp86.6,MEL-melbourne-RPSP03A10530L1-0-0,melbourne,MEL,A,commercial,3.609,50.0,86.6,23.996,1.0,0.97,1,6.0,0,3.0,3.0,0.8,0.233,decoupled,False,
DC-053|qp108.3,MEL-melbourne-RPSP03A10530L1-0-0,melbourne,MEL,A,commercial,3.609,50.0,108.3,30.008,1.0,0.888,1,0.0,0,0.0,0.0,,0.7,decoupled,False,
DC-072|qp20.2,NTP-newtaipei-idx12919-0-1,newtaipei,NTP,C,residential,1.12,50.0,20.2,18.036,1.0,1.004,1,0.0,0,0.0,0.0,,0.0,decoupled,False,
DC-075|qp25.2,NTP-newtaipei-idx3916-0-1,newtaipei,NTP,C,MRT-frontage,1.4,50.0,25.2,18.0,1.0,1.219,1,0.0,0,0.0,0.0,,0.0,decoupled,False,
DC-073|qp26.9,NTP-newtaipei-idx12919-0-1,newtaipei,NTP,C,residential,1.12,50.0,26.9,24.018,1.0,0.9,1,0.0,0,0.0,0.0,,0.0,decoupled,False,
DC-078|qp30.8,NTP-newtaipei-idx13776-0-2,newtaipei,NTP,A,residential,1.71,50.0,30.8,18.012,1.0,1.157,1,3.0,0,3.0,3.0,0.967,0.8,decoupled,True,0.0
DC-081|qp31.3,NTP-newtaipei-idx6919-0-0,newtaipei,NTP,A,residential,1.74,50.0,31.3,17.989,1.0,1.163,1,3.0,0,2.0,2.0,0.867,0.7,decoupled,True,0.0
DC-074|qp33.6,NTP-newtaipei-idx12919-0-1,newtaipei,NTP,C,residential,1.12,50.0,33.6,30.0,1.0,0.794,1,0.0,0,0.0,0.0,,0.0,decoupled,False,
DC-076|qp33.6,NTP-newtaipei-idx3916-0-1,newtaipei,NTP,C,MRT-frontage,1.4,50.0,33.6,24.0,1.0,1.138,1,0.0,0,0.0,0.0,,0.0,decoupled,False,
DC-079|qp41.0,NTP-newtaipei-idx13776-0-2,newtaipei,NTP,A,residential,1.71,50.0,41.0,23.977,1.0,1.035,1,1.0,0,0.0,0.0,0.767,0.667,decoupled,True,0.0
DC-082|qp41.8,NTP-newtaipei-idx6919-0-0,newtaipei,NTP,A,residential,1.74,50.0,41.8,24.023,1.0,1.044,1,1.0,0,0.0,0.0,0.7,0.467,decoupled,True,0.0
DC-077|qp42.0,NTP-newtaipei-idx3916-0-1,newtaipei,NTP,C,MRT-frontage,1.4,50.0,42.0,30.0,1.0,1.048,1,0.0,0,0.0,0.0,,0.0,decoupled,False,
DC-084|qp44.3,NTP-newtaipei-idx251-0-0,newtaipei,NTP,A,residential,2.46,50.0,44.3,18.008,1.0,1.204,1,10.0,0,8.0,9.0,0.767,0.4,decoupled,True,0.0
DC-080|qp51.3,NTP-newtaipei-idx13776-0-2,newtaipei,NTP,A,residential,1.71,50.0,51.3,30.0,1.0,0.771,1,0.0,0,0.0,0.0,,0.5,decoupled,True,0.0
DC-083|qp52.2,NTP-newtaipei-idx6919-0-0,newtaipei,NTP,A,residential,1.74,50.0,52.2,30.0,1.0,0.877,1,0.0,0,0.0,0.0,,0.4,decoupled,True,0.0
DC-085|qp59.0,NTP-newtaipei-idx251-0-0,newtaipei,NTP,A,residential,2.46,50.0,59.0,23.984,1.0,1.157,1,4.0,0,2.0,2.0,0.8,0.533,decoupled,True,0.0
DC-086|qp73.8,NTP-newtaipei-idx251-0-0,newtaipei,NTP,A,residential,2.46,50.0,73.8,30.0,1.0,1.077,1,0.0,0,0.0,0.0,,0.4,decoupled,False,
DC-087|qp89.6,NTP-newtaipei-idx11808-0-1,newtaipei,NTP,A,residential,4.98,50.0,89.6,17.992,1.0,0.982,1,15.0,0,6.0,7.0,0.7,0.233,decoupled,False,
DC-088|qp119.5,NTP-newtaipei-idx11808-0-1,newtaipei,NTP,A,residential,4.98,50.0,119.5,23.996,1.0,0.952,1,6.0,0,0.0,0.0,0.633,0.3,decoupled,False,
DC-089|qp149.4,NTP-newtaipei-idx11808-0-1,newtaipei,NTP,A,residential,4.98,50.0,149.4,30.0,1.0,0.762,1,4.0,0,0.0,0.0,0.6,0.5,decoupled,False,
DC-000|qp13.7,NYC-nyc-10517-0-3,nyc,NYC,C,residential,0.762,50.0,13.7,17.979,1.0,0.02,0,0.0,0,0.0,0.0,,,decoupled,False,
DC-003|qp15.4,NYC-nyc-53282-0-0,nyc,NYC,C,residential,0.853,50.0,15.4,18.054,1.0,0.023,0,0.0,0,0.0,0.0,,,decoupled,False,
DC-001|qp18.3,NYC-nyc-10517-0-3,nyc,NYC,C,residential,0.762,50.0,18.3,24.016,1.0,0.01,0,0.0,0,0.0,0.0,,,decoupled,False,
DC-004|qp20.5,NYC-nyc-53282-0-0,nyc,NYC,C,residential,0.853,50.0,20.5,24.033,1.0,0.013,0,0.0,0,0.0,0.0,,,decoupled,False,
DC-002|qp22.9,NYC-nyc-10517-0-3,nyc,NYC,C,residential,0.762,50.0,22.9,30.052,1.0,0.005,0,0.0,0,0.0,0.0,,,decoupled,False,
DC-005|qp25.6,NYC-nyc-53282-0-0,nyc,NYC,C,residential,0.853,50.0,25.6,30.012,1.0,0.007,0,0.0,0,0.0,0.0,,,decoupled,False,
DC-006|qp30.2,NYC-nyc-46079-0-1,nyc,NYC,A,residential,1.676,50.0,30.2,18.019,1.0,1.18,1,4.0,0,1.0,1.0,0.667,0.433,decoupled,True,0.0
DC-009|qp30.7,NYC-nyc-110605-0-2,nyc,NYC,A,residential,1.707,50.0,30.7,17.985,1.0,1.178,1,3.0,0,2.0,2.0,0.867,0.8,decoupled,True,0.0
DC-007|qp40.2,NYC-nyc-46079-0-1,nyc,NYC,A,residential,1.676,50.0,40.2,23.986,1.0,1.045,1,0.0,0,0.0,0.0,,0.833,decoupled,True,0.0
DC-010|qp41.0,NYC-nyc-110605-0-2,nyc,NYC,A,residential,1.707,50.0,41.0,24.019,1.0,1.04,1,1.0,0,0.0,0.0,0.9,0.7,decoupled,True,0.0
DC-012|qp43.3,NYC-nyc-17655-0-0,nyc,NYC,A,residential,2.408,50.0,43.3,17.982,1.0,1.201,1,10.0,0,6.0,7.0,0.9,0.433,decoupled,True,0.0
DC-008|qp50.3,NYC-nyc-46079-0-1,nyc,NYC,A,residential,1.676,50.0,50.3,30.012,1.0,0.804,1,0.0,0,0.0,0.0,,0.6,decoupled,True,0.0
DC-011|qp51.2,NYC-nyc-110605-0-2,nyc,NYC,A,residential,1.707,50.0,51.2,29.994,1.0,0.842,1,0.0,0,0.0,0.0,,0.567,decoupled,True,0.0
DC-013|qp57.8,NYC-nyc-17655-0-0,nyc,NYC,A,residential,2.408,50.0,57.8,24.003,1.0,1.154,1,3.0,0,2.0,2.0,0.833,0.733,decoupled,True,0.0
DC-015|qp66.9,NYC-nyc-9648-0-0,nyc,NYC,A,residential,3.719,50.0,66.9,17.989,1.0,1.137,1,8.0,0,6.0,6.0,0.667,0.333,decoupled,False,
DC-014|qp72.2,NYC-nyc-17655-0-0,nyc,NYC,A,residential,2.408,50.0,72.2,29.983,1.0,1.08,1,0.0,0,0.0,0.0,,0.133,decoupled,False,
DC-016|qp89.3,NYC-nyc-9648-0-0,nyc,NYC,A,residential,3.719,50.0,89.3,24.012,1.0,0.967,1,6.0,0,3.0,3.0,0.6,0.267,decoupled,False,
DC-017|qp111.6,NYC-nyc-9648-0-0,nyc,NYC,A,residential,3.719,50.0,111.6,30.008,1.0,0.865,1,0.0,0,0.0,0.0,,0.633,decoupled,False,
DC-090|qp21.0,SEA-seattle-5441957-0-1,seattle,SEA,C,commercial,1.168,50.0,21.0,17.979,1.0,1.13,1,0.0,0,0.0,0.0,,0.0,decoupled,False,
DC-093|qp27.4,SEA-seattle-5439807-0-1,seattle,SEA,C,residential,1.524,50.0,27.4,17.979,1.0,1.182,1,0.0,0,0.0,0.0,,0.0,decoupled,False,
DC-091|qp28.0,SEA-seattle-5441957-0-1,seattle,SEA,C,commercial,1.168,50.0,28.0,23.973,1.0,1.062,1,0.0,0,0.0,0.0,,0.0,decoupled,False,
DC-096|qp29.7,SEA-seattle-5432169-0-1,seattle,SEA,A,residential,1.651,50.0,29.7,17.989,1.0,1.155,1,3.0,0,2.0,2.0,0.933,0.667,decoupled,True,0.0
DC-092|qp35.0,SEA-seattle-5441957-0-1,seattle,SEA,C,commercial,1.168,50.0,35.0,29.966,1.0,0.984,1,0.0,0,0.0,0.0,,0.0,decoupled,False,
DC-094|qp36.6,SEA-seattle-5439807-0-1,seattle,SEA,C,residential,1.524,50.0,36.6,24.016,1.0,1.104,1,0.0,0,0.0,0.0,,0.0,decoupled,False,
DC-097|qp39.6,SEA-seattle-5432169-0-1,seattle,SEA,A,residential,1.651,50.0,39.6,23.985,1.0,1.07,1,0.0,0,0.0,0.0,,0.867,decoupled,True,0.0
DC-099|qp43.9,SEA-seattle-5434873-0-0,seattle,SEA,A,commercial,2.438,50.0,43.9,18.007,1.0,1.209,1,10.0,0,6.0,7.0,0.767,0.467,decoupled,True,0.0
DC-095|qp45.7,SEA-seattle-5439807-0-1,seattle,SEA,C,residential,1.524,50.0,45.7,29.987,1.0,1.003,1,0.0,0,0.0,0.0,,0.0,decoupled,False,
DC-098|qp49.5,SEA-seattle-5432169-0-1,seattle,SEA,A,residential,1.651,50.0,49.5,29.982,1.0,0.898,1,0.0,0,0.0,0.0,,0.433,decoupled,True,0.0
DC-100|qp58.5,SEA-seattle-5434873-0-0,seattle,SEA,A,commercial,2.438,50.0,58.5,23.995,1.0,1.164,1,4.0,0,3.0,3.0,0.767,0.567,decoupled,True,0.0
DC-101|qp73.1,SEA-seattle-5434873-0-0,seattle,SEA,A,commercial,2.438,50.0,73.1,29.984,1.0,1.087,1,0.0,0,0.0,0.0,,0.3,decoupled,False,
DC-102|qp73.2,SEA-seattle-5445989-0-0,seattle,SEA,A,commercial,4.064,50.0,73.2,18.012,1.0,1.097,1,8.0,0,3.0,3.0,0.567,0.467,decoupled,False,
DC-103|qp97.5,SEA-seattle-5445989-0-0,seattle,SEA,A,commercial,4.064,50.0,97.5,23.991,1.0,0.972,1,6.0,0,2.0,2.0,0.767,0.267,decoupled,False,
DC-104|qp121.9,SEA-seattle-5445989-0-0,seattle,SEA,A,commercial,4.064,50.0,121.9,29.995,1.0,0.858,1,1.0,0,0.0,0.0,0.767,0.467,decoupled,False,
DC-054|qp21.4,TPE-taipei-idx9524-0-2,taipei,TPE,C,residential,1.19,50.0,21.4,17.983,1.0,1.14,1,0.0,0,0.0,0.0,,0.0,decoupled,False,
DC-057|qp21.6,TPE-taipei-idx5150-0-0,taipei,TPE,C,commercial,1.2,50.0,21.6,18.0,1.0,1.136,1,0.0,0,0.0,0.0,,0.0,decoupled,False,
DC-055|qp28.6,TPE-taipei-idx9524-0-2,taipei,TPE,C,residential,1.19,50.0,28.6,24.034,1.0,1.068,1,0.0,0,0.0,0.0,,0.0,decoupled,False,
DC-058|qp28.8,TPE-taipei-idx5150-0-0,taipei,TPE,C,commercial,1.2,50.0,28.8,24.0,1.0,1.072,1,0.0,0,0.0,0.0,,0.0,decoupled,False,
DC-060|qp31.5,TPE-taipei-idx12521-0-5,taipei,TPE,A,residential,1.75,50.0,31.5,18.0,1.0,1.153,1,4.0,0,2.0,2.0,0.867,0.467,decoupled,True,0.0
DC-063|qp35.3,TPE-taipei-idx1592-0-2,taipei,TPE,A,residential,1.96,50.0,35.3,18.01,1.0,1.133,1,3.0,0,3.0,3.0,0.967,0.867,decoupled,True,0.0
DC-056|qp35.7,TPE-taipei-idx9524-0-2,taipei,TPE,C,residential,1.19,50.0,35.7,30.0,1.0,0.993,1,0.0,0,0.0,0.0,,0.0,decoupled,False,
DC-059|qp36.0,TPE-taipei-idx5150-0-0,taipei,TPE,C,commercial,1.2,50.0,36.0,30.0,1.0,0.997,1,0.0,0,0.0,0.0,,0.0,decoupled,False,
DC-061|qp42.0,TPE-taipei-idx12521-0-5,taipei,TPE,A,residential,1.75,50.0,42.0,24.0,1.0,1.05,1,1.0,0,0.0,0.0,0.8,0.533,decoupled,True,0.0
DC-066|qp44.6,TPE-taipei-idx15608-0-1,taipei,TPE,A,commercial,2.48,50.0,44.6,17.984,1.0,1.208,1,10.0,0,8.0,8.0,0.933,0.6,decoupled,True,0.0
DC-064|qp47.0,TPE-taipei-idx1592-0-2,taipei,TPE,A,residential,1.96,50.0,47.0,23.98,1.0,1.039,1,1.0,0,0.0,0.0,0.767,0.433,decoupled,True,0.0
DC-062|qp52.5,TPE-taipei-idx12521-0-5,taipei,TPE,A,residential,1.75,50.0,52.5,30.0,1.0,0.867,1,0.0,0,0.0,0.0,,0.3,decoupled,True,0.0
DC-065|qp58.8,TPE-taipei-idx1592-0-2,taipei,TPE,A,residential,1.96,50.0,58.8,30.0,1.0,0.9,1,0.0,0,0.0,0.0,,0.067,decoupled,True,0.0
DC-067|qp59.5,TPE-taipei-idx15608-0-1,taipei,TPE,A,commercial,2.48,50.0,59.5,23.992,1.0,1.163,1,3.0,0,2.0,2.0,0.9,0.667,decoupled,True,0.0
DC-069|qp63.7,TPE-taipei-idx4344-0-0,taipei,TPE,A,residential,3.54,50.0,63.7,17.994,1.0,1.156,1,8.0,0,6.0,6.0,0.633,0.233,decoupled,False,
DC-068|qp74.4,TPE-taipei-idx15608-0-1,taipei,TPE,A,commercial,2.48,50.0,74.4,30.0,1.0,1.075,1,0.0,0,0.0,0.0,,0.367,decoupled,False,
DC-070|qp85.0,TPE-taipei-idx4344-0-0,taipei,TPE,A,residential,3.54,50.0,85.0,24.011,1.0,0.982,1,6.0,0,4.0,4.0,0.833,0.333,decoupled,False,
DC-071|qp106.2,TPE-taipei-idx4344-0-0,taipei,TPE,A,residential,3.54,50.0,106.2,30.0,1.0,0.887,1,0.0,0,0.0,0.0,,0.733,decoupled,False,
DC-105|qp7.7,TAO-taoyuan-idx8762-0-0,taoyuan,TAO,C,residential,0.43,50.0,7.7,17.907,1.0,0.0,1,0.0,0,0.0,0.0,,0.0,decoupled,False,
DC-108|qp9.2,TAO-taoyuan-idx2361-0-3,taoyuan,TAO,C,residential,0.51,50.0,9.2,18.039,1.0,0.0,1,0.0,0,0.0,0.0,,0.0,decoupled,False,
DC-106|qp10.3,TAO-taoyuan-idx8762-0-0,taoyuan,TAO,C,residential,0.43,50.0,10.3,23.953,1.0,0.0,1,0.0,0,0.0,0.0,,0.0,decoupled,False,
DC-109|qp12.2,TAO-taoyuan-idx2361-0-3,taoyuan,TAO,C,residential,0.51,50.0,12.2,23.922,1.0,0.0,1,0.0,0,0.0,0.0,,0.0,decoupled,False,
DC-107|qp12.9,TAO-taoyuan-idx8762-0-0,taoyuan,TAO,C,residential,0.43,50.0,12.9,30.0,1.0,0.0,1,0.0,0,0.0,0.0,,0.0,decoupled,False,
DC-110|qp15.3,TAO-taoyuan-idx2361-0-3,taoyuan,TAO,C,residential,0.51,50.0,15.3,30.0,1.0,0.0,1,0.0,0,0.0,0.0,,0.0,decoupled,False,
DC-111|qp32.4,TAO-taoyuan-idx10181-0-0,taoyuan,TAO,A,residential,1.8,50.0,32.4,18.0,1.0,1.136,1,2.0,0,1.0,1.0,0.933,0.733,decoupled,True,0.0
DC-112|qp43.2,TAO-taoyuan-idx10181-0-0,taoyuan,TAO,A,residential,1.8,50.0,43.2,24.0,1.0,1.032,1,0.0,0,0.0,0.0,,0.733,decoupled,True,0.0
DC-114|qp43.2,TAO-taoyuan-idx3410-0-9,taoyuan,TAO,A,residential,2.4,50.0,43.2,18.0,1.0,1.199,1,10.0,0,8.0,8.0,0.767,0.433,decoupled,True,0.0
DC-113|qp54.0,TAO-taoyuan-idx10181-0-0,taoyuan,TAO,A,residential,1.8,50.0,54.0,30.0,1.0,0.924,1,0.0,0,0.0,0.0,,0.4,decoupled,True,0.0
DC-115|qp57.6,TAO-taoyuan-idx3410-0-9,taoyuan,TAO,A,residential,2.4,50.0,57.6,24.0,1.0,1.151,1,5.0,0,2.0,2.0,0.533,0.133,decoupled,True,0.0
DC-116|qp72.0,TAO-taoyuan-idx3410-0-9,taoyuan,TAO,A,residential,2.4,50.0,72.0,30.0,1.0,1.073,1,0.0,0,0.0,0.0,,0.233,decoupled,False,
DC-117|qp90.0,TAO-taoyuan-idx6656-0-0,taoyuan,TAO,A,commercial,5.0,50.0,90.0,18.0,1.0,0.0,0,0.0,0,0.0,0.0,,,decoupled,False,
DC-118|qp120.0,TAO-taoyuan-idx6656-0-0,taoyuan,TAO,A,commercial,5.0,50.0,120.0,24.0,1.0,0.0,0,0.0,0,0.0,0.0,,,decoupled,False,
DC-119|qp150.0,TAO-taoyuan-idx6656-0-0,taoyuan,TAO,A,commercial,5.0,50.0,150.0,30.0,1.0,0.0,0,0.0,0,0.0,0.0,,,decoupled,False,
