scenario_id,cell_id,city,W,robot_radius,robot_effective_diameter,walkable_area,robot_center_feasible_area,status,centerline
AMS-amsterdam-chain-77474-550|qp3,AMS-amsterdam-chain-77474-550,amsterdam,0.643,0.48,0.96,32.18071886136994,0.0,OUT_OF_DOMAIN_GEOMETRY,"[[0.0, 0.0], [-0.485, -0.036], [-15.069, 0.656], [-50.038, 0.583]]"
AMS-amsterdam-chain-75190-0|qp4,AMS-amsterdam-chain-75190-0,amsterdam,0.91,0.48,0.96,45.38621091281301,0.0,OUT_OF_DOMAIN_GEOMETRY,"[[0.0, 0.0], [-31.697, 31.937], [-34.97, 35.558]]"
AMS-amsterdam-chain-66173-0|qp6,AMS-amsterdam-chain-66173-0,amsterdam,1.208,0.48,0.96,60.044335315962,12.088902746985582,FEASIBLE,"[[0.0, 0.0], [-0.506, 49.703]]"
AMS-amsterdam-chain-15655-200|qp7,AMS-amsterdam-chain-15655-200,amsterdam,1.319,0.48,0.96,65.97647968963878,17.61256713311622,FEASIBLE,"[[0.0, 0.0], [47.419, -15.92]]"
AMS-amsterdam-chain-32447-100|qp7,AMS-amsterdam-chain-32447-100,amsterdam,1.352,0.48,0.96,66.0803593644704,18.007334501818228,FEASIBLE,"[[0.0, 0.0], [0.271, -1.944], [-1.91, -4.739], [-1.822, -5.437], [1.073, -7.682], [6.582, -47.161]]"
AMS-amsterdam-chain-32674-0|qp7,AMS-amsterdam-chain-32674-0,amsterdam,1.323,0.48,0.96,64.51976801774303,16.248143968109673,FEASIBLE,"[[0.0, 0.0], [2.85, 1.364], [6.497, 1.194], [18.836, -2.298], [20.681, -3.772], [20.733, -3.787], [29.868, -6.424], [34.056, -6.299], [35.053, -2.739], [36.49, -0.894], [38.656, 6.976]]"
AMS-amsterdam-chain-7530-50|qp8,AMS-amsterdam-chain-7530-50,amsterdam,1.529,0.48,0.96,76.36068872613245,27.8705238228707,FEASIBLE,"[[0.0, 0.0], [41.0, 28.516]]"
AMS-amsterdam-chain-77474-550|qp8,AMS-amsterdam-chain-77474-550,amsterdam,0.643,0.48,0.96,32.18071886136994,0.0,OUT_OF_DOMAIN_GEOMETRY,"[[0.0, 0.0], [-0.485, -0.036], [-15.069, 0.656], [-50.038, 0.583]]"
AMS-amsterdam-chain-79104-0|qp8,AMS-amsterdam-chain-79104-0,amsterdam,1.662,0.48,0.96,82.9139694698728,34.241205475491306,FEASIBLE,"[[0.0, 0.0], [39.825, -15.097], [45.817, -19.455]]"
AMS-amsterdam-chain-141619-0|qp10,AMS-amsterdam-chain-141619-0,amsterdam,2.098,0.48,0.96,103.66213006584346,54.85512251523231,FEASIBLE,"[[0.0, 0.0], [-0.029, 3.186], [-0.884, 4.039], [-1.372, 47.264], [-1.28, 49.35]]"
AMS-amsterdam-chain-173340-0|qp10,AMS-amsterdam-chain-173340-0,amsterdam,1.96,0.48,0.96,97.2608789363485,48.51445984722429,FEASIBLE,"[[0.0, 0.0], [25.491, 5.447], [26.197, 4.995], [31.153, -17.452]]"
AMS-amsterdam-chain-3511-0|qp10,AMS-amsterdam-chain-3511-0,amsterdam,1.969,0.48,0.96,96.54068847532798,47.775944700939995,FEASIBLE,"[[0.0, 0.0], [-0.316, -0.46], [3.644, -20.96], [4.151, -23.761], [7.776, -25.935], [9.084, -27.827], [11.317, -29.353], [27.39, -26.369]]"
AMS-amsterdam-chain-95719-50|qp10,AMS-amsterdam-chain-95719-50,amsterdam,2.062,0.48,0.96,102.21469639477078,53.33597498155291,FEASIBLE,"[[0.0, 0.0], [-5.141, -5.057], [-6.81, -6.02], [-7.444, -5.849], [-31.756, 18.743], [-32.332, 18.749], [-35.835, 22.225]]"
AMS-amsterdam-chain-166482-0|qp11,AMS-amsterdam-chain-166482-0,amsterdam,2.267,0.48,0.96,112.1996344465178,62.95489658521508,FEASIBLE,"[[0.0, 0.0], [-2.716, 1.321], [-4.687, 3.279], [-12.051, 6.394], [-14.715, 6.368], [-20.597, 8.735], [-22.968, 10.884], [-28.927, 13.43], [-31.615, 13.715], [-37.729, 16.625], [-45.315, 19.294]]"
AMS-amsterdam-chain-45268-50|qp11,AMS-amsterdam-chain-45268-50,amsterdam,2.166,0.48,0.96,108.28879014972242,59.130177672558744,FEASIBLE,"[[0.0, 0.0], [-16.645, -6.603], [-45.902, -19.796]]"
AMS-amsterdam-chain-75190-0|qp11,AMS-amsterdam-chain-75190-0,amsterdam,0.91,0.48,0.96,45.38621091281301,0.0,OUT_OF_DOMAIN_GEOMETRY,"[[0.0, 0.0], [-31.697, 31.937], [-34.97, 35.558]]"
AMS-amsterdam-chain-44642-0|qp12,AMS-amsterdam-chain-44642-0,amsterdam,2.482,0.48,0.96,124.17166376210017,74.68282530455947,FEASIBLE,"[[0.0, 0.0], [48.077, 13.838]]"
AMS-amsterdam-chain-32802-0|qp13,AMS-amsterdam-chain-32802-0,amsterdam,2.575,0.48,0.96,128.42265376501325,78.9696377497305,FEASIBLE,"[[0.0, 0.0], [-6.06, 4.969], [-17.805, 16.707], [-37.056, 33.364]]"
AMS-amsterdam-chain-22812-0|qp14,AMS-amsterdam-chain-22812-0,amsterdam,2.796,0.48,0.96,137.36379303723854,87.74615902200011,FEASIBLE,"[[0.0, 0.0], [-0.941, 3.885], [-1.316, 5.437], [-2.176, 6.221], [-2.374, 10.077], [23.724, 39.347]]"
AMS-amsterdam-chain-66173-0|qp14,AMS-amsterdam-chain-66173-0,amsterdam,1.208,0.48,0.96,60.044335315962,12.088902746985582,FEASIBLE,"[[0.0, 0.0], [-0.506, 49.703]]"
AMS-amsterdam-chain-15655-200|qp16,AMS-amsterdam-chain-15655-200,amsterdam,1.319,0.48,0.96,65.97647968963878,17.61256713311622,FEASIBLE,"[[0.0, 0.0], [47.419, -15.92]]"
AMS-amsterdam-chain-32447-100|qp16,AMS-amsterdam-chain-32447-100,amsterdam,1.352,0.48,0.96,66.0803593644704,18.007334501818228,FEASIBLE,"[[0.0, 0.0], [0.271, -1.944], [-1.91, -4.739], [-1.822, -5.437], [1.073, -7.682], [6.582, -47.161]]"
AMS-amsterdam-chain-32674-0|qp16,AMS-amsterdam-chain-32674-0,amsterdam,1.323,0.48,0.96,64.51976801774303,16.248143968109673,FEASIBLE,"[[0.0, 0.0], [2.85, 1.364], [6.497, 1.194], [18.836, -2.298], [20.681, -3.772], [20.733, -3.787], [29.868, -6.424], [34.056, -6.299], [35.053, -2.739], [36.49, -0.894], [38.656, 6.976]]"
AMS-amsterdam-chain-142287-0|qp18,AMS-amsterdam-chain-142287-0,amsterdam,3.651,0.48,0.96,178.24576775134634,127.74171727114799,FEASIBLE,"[[0.0, 0.0], [0.894, -0.148], [11.386, 5.314], [13.112, 4.957], [17.396, 7.767], [32.883, 4.718], [47.405, 6.38]]"
AMS-amsterdam-chain-7530-50|qp18,AMS-amsterdam-chain-7530-50,amsterdam,1.529,0.48,0.96,76.36068872613245,27.8705238228707,FEASIBLE,"[[0.0, 0.0], [41.0, 28.516]]"
AMS-amsterdam-chain-158080-0|qp19,AMS-amsterdam-chain-158080-0,amsterdam,3.89,0.48,0.96,194.30539412499607,143.54062025353173,FEASIBLE,"[[0.0, 0.0], [41.77, -27.391]]"
AMS-amsterdam-chain-79104-0|qp20,AMS-amsterdam-chain-79104-0,amsterdam,1.662,0.48,0.96,82.9139694698728,34.241205475491306,FEASIBLE,"[[0.0, 0.0], [39.825, -15.097], [45.817, -19.455]]"
AMS-amsterdam-chain-173340-0|qp24,AMS-amsterdam-chain-173340-0,amsterdam,1.96,0.48,0.96,97.2608789363485,48.51445984722429,FEASIBLE,"[[0.0, 0.0], [25.491, 5.447], [26.197, 4.995], [31.153, -17.452]]"
AMS-amsterdam-chain-3511-0|qp24,AMS-amsterdam-chain-3511-0,amsterdam,1.969,0.48,0.96,96.54068847532798,47.775944700939995,FEASIBLE,"[[0.0, 0.0], [-0.316, -0.46], [3.644, -20.96], [4.151, -23.761], [7.776, -25.935], [9.084, -27.827], [11.317, -29.353], [27.39, -26.369]]"
AMS-amsterdam-chain-141619-0|qp25,AMS-amsterdam-chain-141619-0,amsterdam,2.098,0.48,0.96,103.66213006584346,54.85512251523231,FEASIBLE,"[[0.0, 0.0], [-0.029, 3.186], [-0.884, 4.039], [-1.372, 47.264], [-1.28, 49.35]]"
AMS-amsterdam-chain-95719-50|qp25,AMS-amsterdam-chain-95719-50,amsterdam,2.062,0.48,0.96,102.21469639477078,53.33597498155291,FEASIBLE,"[[0.0, 0.0], [-5.141, -5.057], [-6.81, -6.02], [-7.444, -5.849], [-31.756, 18.743], [-32.332, 18.749], [-35.835, 22.225]]"
AMS-amsterdam-chain-45268-50|qp26,AMS-amsterdam-chain-45268-50,amsterdam,2.166,0.48,0.96,108.28879014972242,59.130177672558744,FEASIBLE,"[[0.0, 0.0], [-16.645, -6.603], [-45.902, -19.796]]"
AMS-amsterdam-chain-166482-0|qp27,AMS-amsterdam-chain-166482-0,amsterdam,2.267,0.48,0.96,112.1996344465178,62.95489658521508,FEASIBLE,"[[0.0, 0.0], [-2.716, 1.321], [-4.687, 3.279], [-12.051, 6.394], [-14.715, 6.368], [-20.597, 8.735], [-22.968, 10.884], [-28.927, 13.43], [-31.615, 13.715], [-37.729, 16.625], [-45.315, 19.294]]"
AMS-amsterdam-chain-44642-0|qp30,AMS-amsterdam-chain-44642-0,amsterdam,2.482,0.48,0.96,124.17166376210017,74.68282530455947,FEASIBLE,"[[0.0, 0.0], [48.077, 13.838]]"
AMS-amsterdam-chain-32802-0|qp31,AMS-amsterdam-chain-32802-0,amsterdam,2.575,0.48,0.96,128.42265376501325,78.9696377497305,FEASIBLE,"[[0.0, 0.0], [-6.06, 4.969], [-17.805, 16.707], [-37.056, 33.364]]"
AMS-amsterdam-chain-22812-0|qp34,AMS-amsterdam-chain-22812-0,amsterdam,2.796,0.48,0.96,137.36379303723854,87.74615902200011,FEASIBLE,"[[0.0, 0.0], [-0.941, 3.885], [-1.316, 5.437], [-2.176, 6.221], [-2.374, 10.077], [23.724, 39.347]]"
AMS-amsterdam-chain-142287-0|qp44,AMS-amsterdam-chain-142287-0,amsterdam,3.651,0.48,0.96,178.24576775134634,127.74171727114799,FEASIBLE,"[[0.0, 0.0], [0.894, -0.148], [11.386, 5.314], [13.112, 4.957], [17.396, 7.767], [32.883, 4.718], [47.405, 6.38]]"
AMS-amsterdam-chain-158080-0|qp47,AMS-amsterdam-chain-158080-0,amsterdam,3.89,0.48,0.96,194.30539412499607,143.54062025353173,FEASIBLE,"[[0.0, 0.0], [41.77, -27.391]]"
AMS-amsterdam-chain-138895-0|qp52,AMS-amsterdam-chain-138895-0,amsterdam,3.48,0.48,0.96,171.91214823895973,121.41885217272478,FEASIBLE,"[[0.0, 0.0], [0.48, -0.478], [-4.741, -18.561], [-7.777, -22.794], [-12.482, -26.045], [-18.729, -27.46], [-23.259, -28.089], [-31.738, -28.424]]"
AMS-amsterdam-chain-138895-0|qp87,AMS-amsterdam-chain-138895-0,amsterdam,3.48,0.48,0.96,171.91214823895973,121.41885217272478,FEASIBLE,"[[0.0, 0.0], [0.48, -0.478], [-4.741, -18.561], [-7.777, -22.794], [-12.482, -26.045], [-18.729, -27.46], [-23.259, -28.089], [-31.738, -28.424]]"
MEL-melbourne-RPSP1011231-0-5|qp1,MEL-melbourne-RPSP1011231-0-5,melbourne,0.209,0.48,0.96,10.452857847240622,0.0,OUT_OF_DOMAIN_GEOMETRY,"[[0.0, 0.0], [46.883, 17.417]]"
MEL-melbourne-RPSP1011231-0-5|qp2,MEL-melbourne-RPSP1011231-0-5,melbourne,0.209,0.48,0.96,10.452857847240622,0.0,OUT_OF_DOMAIN_GEOMETRY,"[[0.0, 0.0], [46.883, 17.417]]"
MEL-melbourne-idx7418-0-6|qp3,MEL-melbourne-idx7418-0-6,melbourne,0.603,0.48,0.96,30.183486574193445,0.0,OUT_OF_DOMAIN_GEOMETRY,"[[0.0, 0.0], [50.037, 1.362]]"
MEL-melbourne-RPSP03A13291L1-0-0|qp5,MEL-melbourne-RPSP03A13291L1-0-0,melbourne,0.305,0.48,0.96,15.265346740452717,0.0,OUT_OF_DOMAIN_GEOMETRY,"[[0.0, 0.0], [49.597, -6.721]]"
MEL-melbourne-RPSP03A10434L1-0-0|qp7,MEL-melbourne-RPSP03A10434L1-0-0,melbourne,1.33,0.48,0.96,66.56180534634115,18.16199396853103,FEASIBLE,"[[0.0, 0.0], [49.337, -8.397]]"
MEL-melbourne-idx7418-0-6|qp7,MEL-melbourne-idx7418-0-6,melbourne,0.603,0.48,0.96,30.183486574193445,0.0,OUT_OF_DOMAIN_GEOMETRY,"[[0.0, 0.0], [50.037, 1.362]]"
MEL-melbourne-1389612-0-2|qp8,MEL-melbourne-1389612-0-2,melbourne,1.697,0.48,0.96,84.36018025754241,35.92975333518491,FEASIBLE,"[[0.0, 0.0], [-6.265, 49.315]]"
MEL-melbourne-RPSP03A13291L1-0-0|qp8,MEL-melbourne-RPSP03A13291L1-0-0,melbourne,0.305,0.48,0.96,15.265346740452717,0.0,OUT_OF_DOMAIN_GEOMETRY,"[[0.0, 0.0], [49.597, -6.721]]"
MEL-melbourne-1465622-0-2|qp9,MEL-melbourne-1465622-0-2,melbourne,1.749,0.48,0.96,87.24817880799634,38.6015154485473,FEASIBLE,"[[0.0, 0.0], [-35.711, -34.831]]"
MEL-melbourne-1477330-0-0|qp9,MEL-melbourne-1477330-0-0,melbourne,1.83,0.48,0.96,91.12780781192207,42.487856172881024,FEASIBLE,"[[0.0, 0.0], [-25.475, 42.787]]"
MEL-melbourne-RPSP02B11034-0-0|qp9,MEL-melbourne-RPSP02B11034-0-0,melbourne,1.844,0.48,0.96,91.72133276027503,43.12189045557666,FEASIBLE,"[[0.0, 0.0], [15.708, -47.195]]"
MEL-melbourne-RPSP0813599L1-0-0|qp9,MEL-melbourne-RPSP0813599L1-0-0,melbourne,0.617,0.48,0.96,30.69281895503658,0.0,OUT_OF_DOMAIN_GEOMETRY,"[[0.0, 0.0], [16.871, -46.797]]"
MEL-melbourne-1434605-0-0|qp11,MEL-melbourne-1434605-0-0,melbourne,2.156,0.48,0.96,107.71775441652878,58.60621582660869,FEASIBLE,"[[0.0, 0.0], [42.815, 25.75]]"
MEL-melbourne-1465759-0-1|qp12,MEL-melbourne-1465759-0-1,melbourne,2.348,0.48,0.96,116.71143120196567,67.66047847884512,FEASIBLE,"[[0.0, 0.0], [-3.271, 49.599]]"
MEL-melbourne-1389823-0-3|qp14,MEL-melbourne-1389823-0-3,melbourne,2.722,0.48,0.96,135.87268433710491,86.26133444598781,FEASIBLE,"[[0.0, 0.0], [-38.855, 31.336]]"
MEL-melbourne-RPSP0813599L1-0-0|qp15,MEL-melbourne-RPSP0813599L1-0-0,melbourne,0.617,0.48,0.96,30.69281895503658,0.0,OUT_OF_DOMAIN_GEOMETRY,"[[0.0, 0.0], [16.871, -46.797]]"
MEL-melbourne-RPSP03A10434L1-0-0|qp16,MEL-melbourne-RPSP03A10434L1-0-0,melbourne,1.33,0.48,0.96,66.56180534634115,18.16199396853103,FEASIBLE,"[[0.0, 0.0], [49.337, -8.397]]"
MEL-melbourne-RPSP03A11034L1-0-0|qp16,MEL-melbourne-RPSP03A11034L1-0-0,melbourne,3.194,0.48,0.96,158.7912688622265,108.9197603250514,FEASIBLE,"[[0.0, 0.0], [-8.328, -49.013]]"
MEL-melbourne-RPSP07A11127-0-0|qp16,MEL-melbourne-RPSP07A11127-0-0,melbourne,3.121,0.48,0.96,156.20009239313342,106.07936491559158,FEASIBLE,"[[0.0, 0.0], [-49.495, 7.42]]"
MEL-melbourne-RPSP0813145L1-0-1|qp19,MEL-melbourne-RPSP0813145L1-0-1,melbourne,1.271,0.48,0.96,63.573760334894104,15.257253897837915,FEASIBLE,"[[0.0, 0.0], [47.301, 16.263]]"
MEL-melbourne-1385129-0-0|qp20,MEL-melbourne-1385129-0-0,melbourne,1.344,0.48,0.96,66.81335231085097,18.720889231671727,FEASIBLE,"[[0.0, 0.0], [6.858, 49.237]]"
MEL-melbourne-1389612-0-2|qp20,MEL-melbourne-1389612-0-2,melbourne,1.697,0.48,0.96,84.36018025754241,35.92975333518491,FEASIBLE,"[[0.0, 0.0], [-6.265, 49.315]]"
MEL-melbourne-1465622-0-2|qp21,MEL-melbourne-1465622-0-2,melbourne,1.749,0.48,0.96,87.24817880799634,38.6015154485473,FEASIBLE,"[[0.0, 0.0], [-35.711, -34.831]]"
MEL-melbourne-1477330-0-0|qp22,MEL-melbourne-1477330-0-0,melbourne,1.83,0.48,0.96,91.12780781192207,42.487856172881024,FEASIBLE,"[[0.0, 0.0], [-25.475, 42.787]]"
MEL-melbourne-RPSP02B11034-0-0|qp22,MEL-melbourne-RPSP02B11034-0-0,melbourne,1.844,0.48,0.96,91.72133276027503,43.12189045557666,FEASIBLE,"[[0.0, 0.0], [15.708, -47.195]]"
MEL-melbourne-1434605-0-0|qp26,MEL-melbourne-1434605-0-0,melbourne,2.156,0.48,0.96,107.71775441652878,58.60621582660869,FEASIBLE,"[[0.0, 0.0], [42.815, 25.75]]"
MEL-melbourne-1515142-0-0|qp26,MEL-melbourne-1515142-0-0,melbourne,5.175,0.48,0.96,257.5617447639752,205.73577472080308,FEASIBLE,"[[0.0, 0.0], [21.55, -44.863]]"
MEL-melbourne-1465759-0-1|qp28,MEL-melbourne-1465759-0-1,melbourne,2.348,0.48,0.96,116.71143120196567,67.66047847884512,FEASIBLE,"[[0.0, 0.0], [-3.271, 49.599]]"
MEL-melbourne-RPSP0813145L1-0-1|qp32,MEL-melbourne-RPSP0813145L1-0-1,melbourne,1.271,0.48,0.96,63.573760334894104,15.257253897837915,FEASIBLE,"[[0.0, 0.0], [47.301, 16.263]]"
MEL-melbourne-1389823-0-3|qp33,MEL-melbourne-1389823-0-3,melbourne,2.722,0.48,0.96,135.87268433710491,86.26133444598781,FEASIBLE,"[[0.0, 0.0], [-38.855, 31.336]]"
MEL-melbourne-1385129-0-0|qp34,MEL-melbourne-1385129-0-0,melbourne,1.344,0.48,0.96,66.81335231085097,18.720889231671727,FEASIBLE,"[[0.0, 0.0], [6.858, 49.237]]"
MEL-melbourne-RPSP03A11034L1-0-0|qp38,MEL-melbourne-RPSP03A11034L1-0-0,melbourne,3.194,0.48,0.96,158.7912688622265,108.9197603250514,FEASIBLE,"[[0.0, 0.0], [-8.328, -49.013]]"
MEL-melbourne-RPSP07A11127-0-0|qp38,MEL-melbourne-RPSP07A11127-0-0,melbourne,3.121,0.48,0.96,156.20009239313342,106.07936491559158,FEASIBLE,"[[0.0, 0.0], [-49.495, 7.42]]"
MEL-melbourne-RPSP0814955L1-0-0|qp52,MEL-melbourne-RPSP0814955L1-0-0,melbourne,3.499,0.48,0.96,175.03468672418887,124.5740117269836,FEASIBLE,"[[0.0, 0.0], [-47.693, -15.093]]"
MEL-melbourne-RPSP03A10530L1-0-0|qp54,MEL-melbourne-RPSP03A10530L1-0-0,melbourne,3.609,0.48,0.96,179.4190098067516,129.15021491218755,FEASIBLE,"[[0.0, 0.0], [8.021, 49.063]]"
MEL-melbourne-1515142-0-0|qp62,MEL-melbourne-1515142-0-0,melbourne,5.175,0.48,0.96,257.5617447639752,205.73577472080308,FEASIBLE,"[[0.0, 0.0], [21.55, -44.863]]"
MEL-melbourne-1385230-0-1|qp68,MEL-melbourne-1385230-0-1,melbourne,2.271,0.48,0.96,112.89268748166756,63.91198746299698,FEASIBLE,"[[0.0, 0.0], [6.099, 49.335]]"
MEL-melbourne-RPSP0814955L1-0-0|qp88,MEL-melbourne-RPSP0814955L1-0-0,melbourne,3.499,0.48,0.96,175.03468672418887,124.5740117269836,FEASIBLE,"[[0.0, 0.0], [-47.693, -15.093]]"
MEL-melbourne-RPSP03A10530L1-0-0|qp90,MEL-melbourne-RPSP03A10530L1-0-0,melbourne,3.609,0.48,0.96,179.4190098067516,129.15021491218755,FEASIBLE,"[[0.0, 0.0], [8.021, 49.063]]"
MEL-melbourne-1385230-0-1|qp102,MEL-melbourne-1385230-0-1,melbourne,2.271,0.48,0.96,112.89268748166756,63.91198746299698,FEASIBLE,"[[0.0, 0.0], [6.099, 49.335]]"
NTP-newtaipei-idx12919-0-1|qp6,NTP-newtaipei-idx12919-0-1,newtaipei,1.12,0.48,0.96,55.99897547062796,7.846253638661162,FEASIBLE,"[[0.0, 0.0], [-45.77, -20.125]]"
NTP-newtaipei-idx133-0-2|qp8,NTP-newtaipei-idx133-0-2,newtaipei,1.54,0.48,0.96,77.07730999937661,28.472316753012,FEASIBLE,"[[0.0, 0.0], [49.641, -6.387]]"
NTP-newtaipei-idx672-0-2|qp8,NTP-newtaipei-idx672-0-2,newtaipei,1.58,0.48,0.96,78.85599952021904,30.348293482617525,FEASIBLE,"[[0.0, 0.0], [-38.044, -32.304]]"
NTP-newtaipei-idx11901-0-0|qp9,NTP-newtaipei-idx11901-0-0,newtaipei,1.78,0.48,0.96,88.58194710364424,40.02021383426313,FEASIBLE,"[[0.0, 0.0], [20.649, -45.279]]"
NTP-newtaipei-idx13763-0-2|qp9,NTP-newtaipei-idx13763-0-2,newtaipei,1.8,0.48,0.96,89.75064200082385,41.07723293371796,FEASIBLE,"[[0.0, 0.0], [33.313, 37.1]]"
NTP-newtaipei-idx13776-0-2|qp9,NTP-newtaipei-idx13776-0-2,newtaipei,1.71,0.48,0.96,85.11814743446092,36.61252080458811,FEASIBLE,"[[0.0, 0.0], [-22.591, 44.355]]"
NTP-newtaipei-idx6919-0-0|qp9,NTP-newtaipei-idx6919-0-0,newtaipei,1.74,0.48,0.96,86.913452102728,38.21240266673998,FEASIBLE,"[[0.0, 0.0], [-41.824, -27.309]]"
NTP-newtaipei-idx7317-0-1|qp9,NTP-newtaipei-idx7317-0-1,newtaipei,1.74,0.48,0.96,86.51815248667532,38.03519939057854,FEASIBLE,"[[0.0, 0.0], [-11.075, -48.474]]"
NTP-newtaipei-idx9858-0-0|qp10,NTP-newtaipei-idx9858-0-0,newtaipei,1.91,0.48,0.96,94.96235387679945,46.320584388984045,FEASIBLE,"[[0.0, 0.0], [-9.64, 48.775]]"
NTP-newtaipei-idx251-0-0|qp12,NTP-newtaipei-idx251-0-0,newtaipei,2.46,0.48,0.96,122.40503215552863,73.19721472898097,FEASIBLE,"[[0.0, 0.0], [-19.427, -45.809]]"
NTP-newtaipei-idx5617-0-0|qp12,NTP-newtaipei-idx5617-0-0,newtaipei,2.33,0.48,0.96,116.36089447229679,67.10300833778821,FEASIBLE,"[[0.0, 0.0], [40.921, 28.627]]"
NTP-newtaipei-idx12919-0-1|qp13,NTP-newtaipei-idx12919-0-1,newtaipei,1.12,0.48,0.96,55.99897547062796,7.846253638661162,FEASIBLE,"[[0.0, 0.0], [-45.77, -20.125]]"
NTP-newtaipei-idx6820-0-0|qp13,NTP-newtaipei-idx6820-0-0,newtaipei,2.62,0.48,0.96,130.22932815375808,80.91811173100703,FEASIBLE,"[[0.0, 0.0], [1.332, 49.688]]"
NTP-newtaipei-idx7804-0-0|qp14,NTP-newtaipei-idx7804-0-0,newtaipei,2.9,0.48,0.96,144.45291119177884,94.77161645243135,FEASIBLE,"[[0.0, 0.0], [27.417, 41.587]]"
NTP-newtaipei-idx4423-0-0|qp15,NTP-newtaipei-idx4423-0-0,newtaipei,2.99,0.48,0.96,149.5117857865356,99.5592017212933,FEASIBLE,"[[0.0, 0.0], [46.195, -19.142]]"
NTP-newtaipei-idx133-0-2|qp18,NTP-newtaipei-idx133-0-2,newtaipei,1.54,0.48,0.96,77.07730999937661,28.472316753012,FEASIBLE,"[[0.0, 0.0], [49.641, -6.387]]"
NTP-newtaipei-idx672-0-2|qp19,NTP-newtaipei-idx672-0-2,newtaipei,1.58,0.48,0.96,78.85599952021904,30.348293482617525,FEASIBLE,"[[0.0, 0.0], [-38.044, -32.304]]"
NTP-newtaipei-idx13776-0-2|qp20,NTP-newtaipei-idx13776-0-2,newtaipei,1.71,0.48,0.96,85.11814743446092,36.61252080458811,FEASIBLE,"[[0.0, 0.0], [-22.591, 44.355]]"
NTP-newtaipei-idx11901-0-0|qp21,NTP-newtaipei-idx11901-0-0,newtaipei,1.78,0.48,0.96,88.58194710364424,40.02021383426313,FEASIBLE,"[[0.0, 0.0], [20.649, -45.279]]"
NTP-newtaipei-idx6919-0-0|qp21,NTP-newtaipei-idx6919-0-0,newtaipei,1.74,0.48,0.96,86.913452102728,38.21240266673998,FEASIBLE,"[[0.0, 0.0], [-41.824, -27.309]]"
NTP-newtaipei-idx7317-0-1|qp21,NTP-newtaipei-idx7317-0-1,newtaipei,1.74,0.48,0.96,86.51815248667532,38.03519939057854,FEASIBLE,"[[0.0, 0.0], [-11.075, -48.474]]"
NTP-newtaipei-idx12775-0-0|qp22,NTP-newtaipei-idx12775-0-0,newtaipei,1.5,0.48,0.96,74.73473742009122,26.386105471232774,FEASIBLE,"[[0.0, 0.0], [28.949, 40.55]]"
NTP-newtaipei-idx13763-0-2|qp22,NTP-newtaipei-idx13763-0-2,newtaipei,1.8,0.48,0.96,89.75064200082385,41.07723293371796,FEASIBLE,"[[0.0, 0.0], [33.313, 37.1]]"
NTP-newtaipei-idx3820-0-0|qp22,NTP-newtaipei-idx3820-0-0,newtaipei,1.5,0.48,0.96,75.04081832243023,26.496294596074836,FEASIBLE,"[[0.0, 0.0], [-47.961, -14.229]]"
NTP-newtaipei-idx11985-0-0|qp23,NTP-newtaipei-idx11985-0-0,newtaipei,1.56,0.48,0.96,77.6574264574972,29.292240945191317,FEASIBLE,"[[0.0, 0.0], [-23.11, 44.091]]"
NTP-newtaipei-idx9858-0-0|qp23,NTP-newtaipei-idx9858-0-0,newtaipei,1.91,0.48,0.96,94.96235387679945,46.320584388984045,FEASIBLE,"[[0.0, 0.0], [-9.64, 48.775]]"
NTP-newtaipei-idx11808-0-1|qp25,NTP-newtaipei-idx11808-0-1,newtaipei,4.98,0.48,0.96,249.07590693639392,197.20207427395658,FEASIBLE,"[[0.0, 0.0], [-47.062, -16.932]]"
NTP-newtaipei-idx5617-0-0|qp28,NTP-newtaipei-idx5617-0-0,newtaipei,2.33,0.48,0.96,116.36089447229679,67.10300833778821,FEASIBLE,"[[0.0, 0.0], [40.921, 28.627]]"
NTP-newtaipei-idx251-0-0|qp30,NTP-newtaipei-idx251-0-0,newtaipei,2.46,0.48,0.96,122.40503215552863,73.19721472898097,FEASIBLE,"[[0.0, 0.0], [-19.427, -45.809]]"
NTP-newtaipei-idx11355-0-2|qp31,NTP-newtaipei-idx11355-0-2,newtaipei,6.11,0.48,0.96,305.1176497655122,252.23372443410597,FEASIBLE,"[[0.0, 0.0], [-40.723, -28.903]]"
NTP-newtaipei-idx6820-0-0|qp31,NTP-newtaipei-idx6820-0-0,newtaipei,2.62,0.48,0.96,130.22932815375808,80.91811173100703,FEASIBLE,"[[0.0, 0.0], [1.332, 49.688]]"
NTP-newtaipei-idx7804-0-0|qp35,NTP-newtaipei-idx7804-0-0,newtaipei,2.9,0.48,0.96,144.45291119177884,94.77161645243135,FEASIBLE,"[[0.0, 0.0], [27.417, 41.587]]"
NTP-newtaipei-idx4423-0-0|qp36,NTP-newtaipei-idx4423-0-0,newtaipei,2.99,0.48,0.96,149.5117857865356,99.5592017212933,FEASIBLE,"[[0.0, 0.0], [46.195, -19.142]]"
NTP-newtaipei-idx12775-0-0|qp38,NTP-newtaipei-idx12775-0-0,newtaipei,1.5,0.48,0.96,74.73473742009122,26.386105471232774,FEASIBLE,"[[0.0, 0.0], [28.949, 40.55]]"
NTP-newtaipei-idx3820-0-0|qp38,NTP-newtaipei-idx3820-0-0,newtaipei,1.5,0.48,0.96,75.04081832243023,26.496294596074836,FEASIBLE,"[[0.0, 0.0], [-47.961, -14.229]]"
NTP-newtaipei-idx11985-0-0|qp39,NTP-newtaipei-idx11985-0-0,newtaipei,1.56,0.48,0.96,77.6574264574972,29.292240945191317,FEASIBLE,"[[0.0, 0.0], [-23.11, 44.091]]"
NTP-newtaipei-idx3916-0-1|qp42,NTP-newtaipei-idx3916-0-1,newtaipei,1.4,0.48,0.96,69.96333678863516,21.566077276428125,FEASIBLE,"[[0.0, 0.0], [-43.766, 24.123]]"
NTP-newtaipei-idx11808-0-1|qp60,NTP-newtaipei-idx11808-0-1,newtaipei,4.98,0.48,0.96,249.07590693639392,197.20207427395658,FEASIBLE,"[[0.0, 0.0], [-47.062, -16.932]]"
NTP-newtaipei-idx3916-0-1|qp63,NTP-newtaipei-idx3916-0-1,newtaipei,1.4,0.48,0.96,69.96333678863516,21.566077276428125,FEASIBLE,"[[0.0, 0.0], [-43.766, 24.123]]"
NTP-newtaipei-idx11355-0-2|qp73,NTP-newtaipei-idx11355-0-2,newtaipei,6.11,0.48,0.96,305.1176497655122,252.23372443410597,FEASIBLE,"[[0.0, 0.0], [-40.723, -28.903]]"
NYC-nyc-10517-0-3|qp4,NYC-nyc-10517-0-3,nyc,0.762,0.48,0.96,38.13918494011245,0.0,OUT_OF_DOMAIN_GEOMETRY,"[[0.0, 0.0], [49.729, -5.672]]"
NYC-nyc-53282-0-0|qp4,NYC-nyc-53282-0-0,nyc,0.853,0.48,0.96,42.505266817541255,0.0,OUT_OF_DOMAIN_GEOMETRY,"[[0.0, 0.0], [29.809, 39.931]]"
NYC-nyc-26803-0-0|qp6,NYC-nyc-26803-0-0,nyc,1.158,0.48,0.96,57.957098348421944,9.719682930041078,FEASIBLE,"[[0.0, 0.0], [49.55, 7.052]]"
NYC-nyc-49961-0-0|qp6,NYC-nyc-49961-0-0,nyc,1.28,0.48,0.96,63.793190645723186,15.641097661430809,FEASIBLE,"[[0.0, 0.0], [30.8, 39.182]]"
NYC-nyc-42824-0-0|qp7,NYC-nyc-42824-0-0,nyc,1.311,0.48,0.96,65.5804052771871,17.221180543320123,FEASIBLE,"[[0.0, 0.0], [47.615, -15.334]]"
NYC-nyc-72803-0-0|qp7,NYC-nyc-72803-0-0,nyc,1.311,0.48,0.96,65.31458882994957,17.150012295432663,FEASIBLE,"[[0.0, 0.0], [28.672, 40.743]]"
NYC-nyc-110605-0-2|qp8,NYC-nyc-110605-0-2,nyc,1.707,0.48,0.96,85.0957339589533,36.52161067799565,FEASIBLE,"[[0.0, 0.0], [32.25, -38.014]]"
NYC-nyc-182996-0-0|qp8,NYC-nyc-182996-0-0,nyc,1.585,0.48,0.96,79.22785312406315,30.64126700475684,FEASIBLE,"[[0.0, 0.0], [44.746, 22.28]]"
NYC-nyc-46079-0-1|qp8,NYC-nyc-46079-0-1,nyc,1.676,0.48,0.96,83.69480952758188,35.067701826819146,FEASIBLE,"[[0.0, 0.0], [40.673, -28.973]]"
NYC-nyc-10517-0-3|qp9,NYC-nyc-10517-0-3,nyc,0.762,0.48,0.96,38.13918494011245,0.0,OUT_OF_DOMAIN_GEOMETRY,"[[0.0, 0.0], [49.729, -5.672]]"
NYC-nyc-199805-0-0|qp10,NYC-nyc-199805-0-0,nyc,2.073,0.48,0.96,103.05243541812874,54.260685759950434,FEASIBLE,"[[0.0, 0.0], [-6.861, -49.236]]"
NYC-nyc-53282-0-0|qp10,NYC-nyc-53282-0-0,nyc,0.853,0.48,0.96,42.505266817541255,0.0,OUT_OF_DOMAIN_GEOMETRY,"[[0.0, 0.0], [29.809, 39.931]]"
NYC-nyc-17655-0-0|qp12,NYC-nyc-17655-0-0,nyc,2.408,0.48,0.96,120.2987040947734,70.94900784436562,FEASIBLE,"[[0.0, 0.0], [42.445, -26.348]]"
NYC-nyc-27695-0-3|qp12,NYC-nyc-27695-0-3,nyc,2.377,0.48,0.96,118.1662118280886,69.08205364762371,FEASIBLE,"[[0.0, 0.0], [7.091, -49.204]]"
NYC-nyc-214464-0-0|qp13,NYC-nyc-214464-0-0,nyc,2.56,0.48,0.96,128.03690030672254,78.48706269170148,FEASIBLE,"[[0.0, 0.0], [46.951, 17.235]]"
NYC-nyc-26803-0-0|qp14,NYC-nyc-26803-0-0,nyc,1.158,0.48,0.96,57.957098348421944,9.719682930041078,FEASIBLE,"[[0.0, 0.0], [49.55, 7.052]]"
NYC-nyc-49961-0-0|qp15,NYC-nyc-49961-0-0,nyc,1.28,0.48,0.96,63.793190645723186,15.641097661430809,FEASIBLE,"[[0.0, 0.0], [30.8, 39.182]]"
NYC-nyc-59808-0-1|qp15,NYC-nyc-59808-0-1,nyc,3.048,0.48,0.96,151.95234901974,102.08886145446763,FEASIBLE,"[[0.0, 0.0], [-32.477, 37.823]]"
NYC-nyc-20131-0-2|qp16,NYC-nyc-20131-0-2,nyc,3.17,0.48,0.96,157.7526493110812,107.85737633359302,FEASIBLE,"[[0.0, 0.0], [-20.435, -45.375]]"
NYC-nyc-42824-0-0|qp16,NYC-nyc-42824-0-0,nyc,1.311,0.48,0.96,65.5804052771871,17.221180543320123,FEASIBLE,"[[0.0, 0.0], [47.615, -15.334]]"
NYC-nyc-72803-0-0|qp16,NYC-nyc-72803-0-0,nyc,1.311,0.48,0.96,65.31458882994957,17.150012295432663,FEASIBLE,"[[0.0, 0.0], [28.672, 40.743]]"
NYC-nyc-182996-0-0|qp19,NYC-nyc-182996-0-0,nyc,1.585,0.48,0.96,79.22785312406315,30.64126700475684,FEASIBLE,"[[0.0, 0.0], [44.746, 22.28]]"
NYC-nyc-9648-0-0|qp19,NYC-nyc-9648-0-0,nyc,3.719,0.48,0.96,185.04430438604953,134.6294551333989,FEASIBLE,"[[0.0, 0.0], [19.053, 45.964]]"
NYC-nyc-110605-0-2|qp20,NYC-nyc-110605-0-2,nyc,1.707,0.48,0.96,85.0957339589533,36.52161067799565,FEASIBLE,"[[0.0, 0.0], [32.25, -38.014]]"
NYC-nyc-46079-0-1|qp20,NYC-nyc-46079-0-1,nyc,1.676,0.48,0.96,83.69480952758188,35.067701826819146,FEASIBLE,"[[0.0, 0.0], [40.673, -28.973]]"
NYC-nyc-199805-0-0|qp25,NYC-nyc-199805-0-0,nyc,2.073,0.48,0.96,103.05243541812874,54.260685759950434,FEASIBLE,"[[0.0, 0.0], [-6.861, -49.236]]"
NYC-nyc-62758-0-0|qp25,NYC-nyc-62758-0-0,nyc,5.06,0.48,0.96,251.73977664553593,200.04287040448577,FEASIBLE,"[[0.0, 0.0], [17.955, 46.398]]"
NYC-nyc-27695-0-3|qp28,NYC-nyc-27695-0-3,nyc,2.377,0.48,0.96,118.1662118280886,69.08205364762371,FEASIBLE,"[[0.0, 0.0], [7.091, -49.204]]"
NYC-nyc-31649-0-0|qp28,NYC-nyc-31649-0-0,nyc,1.859,0.48,0.96,92.60690452000134,43.92104131440608,FEASIBLE,"[[0.0, 0.0], [27.945, -41.239]]"
NYC-nyc-17655-0-0|qp29,NYC-nyc-17655-0-0,nyc,2.408,0.48,0.96,120.2987040947734,70.94900784436562,FEASIBLE,"[[0.0, 0.0], [42.445, -26.348]]"
NYC-nyc-214464-0-0|qp31,NYC-nyc-214464-0-0,nyc,2.56,0.48,0.96,128.03690030672254,78.48706269170148,FEASIBLE,"[[0.0, 0.0], [46.951, 17.235]]"
NYC-nyc-98749-0-2|qp32,NYC-nyc-98749-0-2,nyc,2.103,0.48,0.96,105.02246205287494,55.98340194314581,FEASIBLE,"[[0.0, 0.0], [-40.875, 28.691]]"
NYC-nyc-267383-0-0|qp35,NYC-nyc-267383-0-0,nyc,2.347,0.48,0.96,117.38570300029332,68.03957930183506,FEASIBLE,"[[0.0, 0.0], [-47.011, 17.073]]"
NYC-nyc-59808-0-1|qp37,NYC-nyc-59808-0-1,nyc,3.048,0.48,0.96,151.95234901974,102.08886145446763,FEASIBLE,"[[0.0, 0.0], [-32.477, 37.823]]"
NYC-nyc-20131-0-2|qp38,NYC-nyc-20131-0-2,nyc,3.17,0.48,0.96,157.7526493110812,107.85737633359302,FEASIBLE,"[[0.0, 0.0], [-20.435, -45.375]]"
NYC-nyc-9648-0-0|qp45,NYC-nyc-9648-0-0,nyc,3.719,0.48,0.96,185.04430438604953,134.6294551333989,FEASIBLE,"[[0.0, 0.0], [19.053, 45.964]]"
NYC-nyc-31649-0-0|qp46,NYC-nyc-31649-0-0,nyc,1.859,0.48,0.96,92.60690452000134,43.92104131440608,FEASIBLE,"[[0.0, 0.0], [27.945, -41.239]]"
NYC-nyc-98749-0-2|qp53,NYC-nyc-98749-0-2,nyc,2.103,0.48,0.96,105.02246205287494,55.98340194314581,FEASIBLE,"[[0.0, 0.0], [-40.875, 28.691]]"
NYC-nyc-267383-0-0|qp59,NYC-nyc-267383-0-0,nyc,2.347,0.48,0.96,117.38570300029332,68.03957930183506,FEASIBLE,"[[0.0, 0.0], [-47.011, 17.073]]"
NYC-nyc-62758-0-0|qp61,NYC-nyc-62758-0-0,nyc,5.06,0.48,0.96,251.73977664553593,200.04287040448577,FEASIBLE,"[[0.0, 0.0], [17.955, 46.398]]"
SEA-seattle-5432169-0-1|qp8,SEA-seattle-5432169-0-1,seattle,1.651,0.48,0.96,82.64248238644295,33.92534704362937,FEASIBLE,"[[0.0, 0.0], [50.056, 0.04]]"
SEA-seattle-5439807-0-1|qp8,SEA-seattle-5439807-0-1,seattle,1.524,0.48,0.96,75.7508530686343,27.49234026949458,FEASIBLE,"[[0.0, 0.0], [-1.105, 49.693]]"
SEA-seattle-5442697-0-2|qp8,SEA-seattle-5442697-0-2,seattle,1.524,0.48,0.96,76.28546146019404,27.69018746952063,FEASIBLE,"[[0.0, 0.0], [50.054, -0.456]]"
SEA-seattle-5455466-0-0|qp8,SEA-seattle-5455466-0-0,seattle,1.524,0.48,0.96,76.28563812205566,27.69025284831982,FEASIBLE,"[[0.0, 0.0], [50.056, 0.139]]"
SEA-seattle-5455998-0-0|qp8,SEA-seattle-5455998-0-0,seattle,1.524,0.48,0.96,74.83313257484238,26.481729146221998,FEASIBLE,"[[0.0, 0.0], [0.043, -8.423], [-24.527, -41.724]]"
SEA-seattle-5457277-0-2|qp8,SEA-seattle-5457277-0-2,seattle,1.524,0.48,0.96,76.28533903731804,27.69014216341692,FEASIBLE,"[[0.0, 0.0], [-50.047, 0.949]]"
SEA-seattle-5426480-0-0|qp9,SEA-seattle-5426480-0-0,seattle,1.829,0.48,0.96,90.91086450440379,42.359604316198414,FEASIBLE,"[[0.0, 0.0], [0.151, 49.705]]"
SEA-seattle-5433778-0-0|qp9,SEA-seattle-5433778-0-0,seattle,1.829,0.48,0.96,91.552501188766,42.664460674159464,FEASIBLE,"[[0.0, 0.0], [50.056, -0.065]]"
SEA-seattle-5438086-0-1|qp9,SEA-seattle-5438086-0-1,seattle,1.829,0.48,0.96,91.08901381548517,42.44424715454163,FEASIBLE,"[[0.0, 0.0], [-26.242, 42.328]]"
SEA-seattle-5449118-0-0|qp9,SEA-seattle-5449118-0-0,seattle,1.829,0.48,0.96,90.91057792943707,42.35946815783532,FEASIBLE,"[[0.0, 0.0], [-0.085, 49.705]]"
SEA-seattle-5449903-0-0|qp9,SEA-seattle-5449903-0-0,seattle,1.829,0.48,0.96,90.91059735827692,42.359477388924354,FEASIBLE,"[[0.0, 0.0], [0.091, -49.705]]"
SEA-seattle-5453813-0-0|qp9,SEA-seattle-5453813-0-0,seattle,1.829,0.48,0.96,91.06261674668328,42.379368692733486,FEASIBLE,"[[0.0, 0.0], [-11.498, -16.848], [-31.212, -38.72]]"
SEA-seattle-5452128-0-1|qp12,SEA-seattle-5452128-0-1,seattle,2.438,0.48,0.96,121.18170945187855,72.04566740355887,FEASIBLE,"[[0.0, 0.0], [-0.37, -49.704]]"
SEA-seattle-5454776-0-1|qp13,SEA-seattle-5454776-0-1,seattle,2.591,0.48,0.96,128.78962205416036,79.50559220777137,FEASIBLE,"[[0.0, 0.0], [-2.432, -49.647]]"
SEA-seattle-5439807-0-1|qp18,SEA-seattle-5439807-0-1,seattle,1.524,0.48,0.96,75.7508530686343,27.49234026949458,FEASIBLE,"[[0.0, 0.0], [-1.105, 49.693]]"
SEA-seattle-5441957-0-1|qp18,SEA-seattle-5441957-0-1,seattle,1.168,0.48,0.96,58.465210361820326,10.21193280415978,FEASIBLE,"[[0.0, 0.0], [50.05, -0.764]]"
SEA-seattle-5442697-0-2|qp18,SEA-seattle-5442697-0-2,seattle,1.524,0.48,0.96,76.28546146019404,27.69018746952063,FEASIBLE,"[[0.0, 0.0], [50.054, -0.456]]"
SEA-seattle-5455466-0-0|qp18,SEA-seattle-5455466-0-0,seattle,1.524,0.48,0.96,76.28563812205566,27.69025284831982,FEASIBLE,"[[0.0, 0.0], [50.056, 0.139]]"
SEA-seattle-5455998-0-0|qp18,SEA-seattle-5455998-0-0,seattle,1.524,0.48,0.96,74.83313257484238,26.481729146221998,FEASIBLE,"[[0.0, 0.0], [0.043, -8.423], [-24.527, -41.724]]"
SEA-seattle-5457277-0-2|qp18,SEA-seattle-5457277-0-2,seattle,1.524,0.48,0.96,76.28533903731804,27.69014216341692,FEASIBLE,"[[0.0, 0.0], [-50.047, 0.949]]"
SEA-seattle-5432169-0-1|qp20,SEA-seattle-5432169-0-1,seattle,1.651,0.48,0.96,82.64248238644295,33.92534704362937,FEASIBLE,"[[0.0, 0.0], [50.056, 0.04]]"
SEA-seattle-5426480-0-0|qp22,SEA-seattle-5426480-0-0,seattle,1.829,0.48,0.96,90.91086450440379,42.359604316198414,FEASIBLE,"[[0.0, 0.0], [0.151, 49.705]]"
SEA-seattle-5433778-0-0|qp22,SEA-seattle-5433778-0-0,seattle,1.829,0.48,0.96,91.552501188766,42.664460674159464,FEASIBLE,"[[0.0, 0.0], [50.056, -0.065]]"
SEA-seattle-5438086-0-1|qp22,SEA-seattle-5438086-0-1,seattle,1.829,0.48,0.96,91.08901381548517,42.44424715454163,FEASIBLE,"[[0.0, 0.0], [-26.242, 42.328]]"
SEA-seattle-5449118-0-0|qp22,SEA-seattle-5449118-0-0,seattle,1.829,0.48,0.96,90.91057792943707,42.35946815783532,FEASIBLE,"[[0.0, 0.0], [-0.085, 49.705]]"
SEA-seattle-5449903-0-0|qp22,SEA-seattle-5449903-0-0,seattle,1.829,0.48,0.96,90.91059735827692,42.359477388924354,FEASIBLE,"[[0.0, 0.0], [0.091, -49.705]]"
SEA-seattle-5453813-0-0|qp22,SEA-seattle-5453813-0-0,seattle,1.829,0.48,0.96,91.06261674668328,42.379368692733486,FEASIBLE,"[[0.0, 0.0], [-11.498, -16.848], [-31.212, -38.72]]"
SEA-seattle-5451525-0-0|qp23,SEA-seattle-5451525-0-0,seattle,1.524,0.48,0.96,74.88412235822759,26.55864132100071,FEASIBLE,"[[0.0, 0.0], [12.549, 14.261], [16.429, 28.838], [15.978, 35.919], [13.191, 44.056]]"
SEA-seattle-5441957-0-1|qp29,SEA-seattle-5441957-0-1,seattle,1.168,0.48,0.96,58.465210361820326,10.21193280415978,FEASIBLE,"[[0.0, 0.0], [50.05, -0.764]]"
SEA-seattle-5452128-0-1|qp29,SEA-seattle-5452128-0-1,seattle,2.438,0.48,0.96,121.18170945187855,72.04566740355887,FEASIBLE,"[[0.0, 0.0], [-0.37, -49.704]]"
SEA-seattle-5454776-0-1|qp31,SEA-seattle-5454776-0-1,seattle,2.591,0.48,0.96,128.78962205416036,79.50559220777137,FEASIBLE,"[[0.0, 0.0], [-2.432, -49.647]]"
SEA-seattle-5434873-0-0|qp37,SEA-seattle-5434873-0-0,seattle,2.438,0.48,0.96,122.03744195434493,72.56444207076366,FEASIBLE,"[[0.0, 0.0], [-50.055, -0.371]]"
SEA-seattle-5426595-0-0|qp38,SEA-seattle-5426595-0-0,seattle,2.54,0.48,0.96,126.25299954650583,77.0185304265666,FEASIBLE,"[[0.0, 0.0], [0.3, 49.705]]"
SEA-seattle-5451525-0-0|qp38,SEA-seattle-5451525-0-0,seattle,1.524,0.48,0.96,74.88412235822759,26.55864132100071,FEASIBLE,"[[0.0, 0.0], [12.549, 14.261], [16.429, 28.838], [15.978, 35.919], [13.191, 44.056]]"
SEA-seattle-5434873-0-0|qp61,SEA-seattle-5434873-0-0,seattle,2.438,0.48,0.96,122.03744195434493,72.56444207076366,FEASIBLE,"[[0.0, 0.0], [-50.055, -0.371]]"
SEA-seattle-5445989-0-0|qp61,SEA-seattle-5445989-0-0,seattle,4.064,0.48,0.96,202.00518808803764,151.30758712235945,FEASIBLE,"[[0.0, 0.0], [0.01, 49.706]]"
SEA-seattle-5423808-0-1|qp62,SEA-seattle-5423808-0-1,seattle,4.115,0.48,0.96,204.53806385870382,153.79199987222614,FEASIBLE,"[[0.0, 0.0], [0.384, -49.704]]"
SEA-seattle-5426595-0-0|qp64,SEA-seattle-5426595-0-0,seattle,2.54,0.48,0.96,126.25299954650583,77.0185304265666,FEASIBLE,"[[0.0, 0.0], [0.3, 49.705]]"
SEA-seattle-5445989-0-0|qp102,SEA-seattle-5445989-0-0,seattle,4.064,0.48,0.96,202.00518808803764,151.30758712235945,FEASIBLE,"[[0.0, 0.0], [0.01, 49.706]]"
SEA-seattle-5423808-0-1|qp103,SEA-seattle-5423808-0-1,seattle,4.115,0.48,0.96,204.53806385870382,153.79199987222614,FEASIBLE,"[[0.0, 0.0], [0.384, -49.704]]"
TPE-taipei-idx5185-0-1|qp6,TPE-taipei-idx5185-0-1,taipei,1.2,0.48,0.96,60.06707850395258,11.783015700790541,FEASIBLE,"[[0.0, 0.0], [50.03, -1.61]]"
TPE-taipei-idx9524-0-2|qp6,TPE-taipei-idx9524-0-2,taipei,1.19,0.48,0.96,59.56030208550826,11.290855024930131,FEASIBLE,"[[0.0, 0.0], [49.623, 6.529]]"
TPE-taipei-idx12521-0-5|qp9,TPE-taipei-idx12521-0-5,taipei,1.75,0.48,0.96,87.04719547643407,38.537191100790196,FEASIBLE,"[[0.0, 0.0], [15.866, -47.143]]"
TPE-taipei-idx14193-0-0|qp10,TPE-taipei-idx14193-0-0,taipei,1.99,0.48,0.96,99.60623573337617,50.56618633436052,FEASIBLE,"[[0.0, 0.0], [49.855, 4.452]]"
TPE-taipei-idx1592-0-2|qp10,TPE-taipei-idx1592-0-2,taipei,1.96,0.48,0.96,98.10503898662087,49.093591319704515,FEASIBLE,"[[0.0, 0.0], [49.86, -4.398]]"
TPE-taipei-idx326-0-1|qp10,TPE-taipei-idx326-0-1,taipei,2.05,0.48,0.96,102.54980341308554,53.48008083915271,FEASIBLE,"[[0.0, 0.0], [47.701, -15.068]]"
TPE-taipei-idx674-0-1|qp10,TPE-taipei-idx674-0-1,taipei,2.06,0.48,0.96,102.99973846206784,53.94386034382267,FEASIBLE,"[[0.0, 0.0], [-45.87, -19.898]]"
TPE-taipei-idx15074-0-0|qp12,TPE-taipei-idx15074-0-0,taipei,2.36,0.48,0.96,117.30539187935054,68.24394433520794,FEASIBLE,"[[0.0, 0.0], [-0.408, -49.704]]"
TPE-taipei-idx5185-0-1|qp14,TPE-taipei-idx5185-0-1,taipei,1.2,0.48,0.96,60.06707850395258,11.783015700790541,FEASIBLE,"[[0.0, 0.0], [50.03, -1.61]]"
TPE-taipei-idx9524-0-2|qp14,TPE-taipei-idx9524-0-2,taipei,1.19,0.48,0.96,59.56030208550826,11.290855024930131,FEASIBLE,"[[0.0, 0.0], [49.623, 6.529]]"
TPE-taipei-idx4344-0-0|qp18,TPE-taipei-idx4344-0-0,taipei,3.54,0.48,0.96,177.0928500952966,126.5908704084366,FEASIBLE,"[[0.0, 0.0], [-47.886, -14.476]]"
TPE-taipei-idx5150-0-0|qp18,TPE-taipei-idx5150-0-0,taipei,1.2,0.48,0.96,60.067306488638216,11.783061297727656,FEASIBLE,"[[0.0, 0.0], [50.036, -1.418]]"
TPE-taipei-idx5283-0-0|qp18,TPE-taipei-idx5283-0-0,taipei,1.2,0.48,0.96,60.06741904227281,11.783083808454556,FEASIBLE,"[[0.0, 0.0], [50.027, -1.709]]"
TPE-taipei-idx5349-0-1|qp18,TPE-taipei-idx5349-0-1,taipei,1.2,0.48,0.96,60.06501966236253,11.782603932472501,FEASIBLE,"[[0.0, 0.0], [49.94, -3.379]]"
TPE-taipei-idx9453-0-1|qp18,TPE-taipei-idx9453-0-1,taipei,3.55,0.48,0.96,176.5556548879984,126.32462708730026,FEASIBLE,"[[0.0, 0.0], [14.266, 47.644]]"
TPE-taipei-idx2314-0-0|qp19,TPE-taipei-idx2314-0-0,taipei,1.27,0.48,0.96,63.56977412471746,15.219431479261761,FEASIBLE,"[[0.0, 0.0], [49.98, 2.738]]"
TPE-taipei-idx12521-0-5|qp21,TPE-taipei-idx12521-0-5,taipei,1.75,0.48,0.96,87.04719547643407,38.537191100790196,FEASIBLE,"[[0.0, 0.0], [15.866, -47.143]]"
TPE-taipei-idx12764-0-0|qp22,TPE-taipei-idx12764-0-0,taipei,1.48,0.48,0.96,73.59528432854924,25.35860260192272,FEASIBLE,"[[0.0, 0.0], [-12.262, -48.191]]"
TPE-taipei-idx14193-0-0|qp24,TPE-taipei-idx14193-0-0,taipei,1.99,0.48,0.96,99.60623573337617,50.56618633436052,FEASIBLE,"[[0.0, 0.0], [49.855, 4.452]]"
TPE-taipei-idx1592-0-2|qp24,TPE-taipei-idx1592-0-2,taipei,1.96,0.48,0.96,98.10503898662087,49.093591319704515,FEASIBLE,"[[0.0, 0.0], [49.86, -4.398]]"
TPE-taipei-idx326-0-1|qp25,TPE-taipei-idx326-0-1,taipei,2.05,0.48,0.96,102.54980341308554,53.48008083915271,FEASIBLE,"[[0.0, 0.0], [47.701, -15.068]]"
TPE-taipei-idx674-0-1|qp25,TPE-taipei-idx674-0-1,taipei,2.06,0.48,0.96,102.99973846206784,53.94386034382267,FEASIBLE,"[[0.0, 0.0], [-45.87, -19.898]]"
TPE-taipei-idx15074-0-0|qp28,TPE-taipei-idx15074-0-0,taipei,2.36,0.48,0.96,117.30539187935054,68.24394433520794,FEASIBLE,"[[0.0, 0.0], [-0.408, -49.704]]"
TPE-taipei-idx5150-0-0|qp30,TPE-taipei-idx5150-0-0,taipei,1.2,0.48,0.96,60.067306488638216,11.783061297727656,FEASIBLE,"[[0.0, 0.0], [50.036, -1.418]]"
TPE-taipei-idx5283-0-0|qp30,TPE-taipei-idx5283-0-0,taipei,1.2,0.48,0.96,60.06741904227281,11.783083808454556,FEASIBLE,"[[0.0, 0.0], [50.027, -1.709]]"
TPE-taipei-idx5349-0-1|qp30,TPE-taipei-idx5349-0-1,taipei,1.2,0.48,0.96,60.06501966236253,11.782603932472501,FEASIBLE,"[[0.0, 0.0], [49.94, -3.379]]"
TPE-taipei-idx9590-0-0|qp31,TPE-taipei-idx9590-0-0,taipei,2.04,0.48,0.96,102.03747285339446,52.98303856944429,FEASIBLE,"[[0.0, 0.0], [-47.271, 16.349]]"
TPE-taipei-idx2314-0-0|qp32,TPE-taipei-idx2314-0-0,taipei,1.27,0.48,0.96,63.56977412471746,15.219431479261761,FEASIBLE,"[[0.0, 0.0], [49.98, 2.738]]"
TPE-taipei-idx12764-0-0|qp37,TPE-taipei-idx12764-0-0,taipei,1.48,0.48,0.96,73.59528432854924,25.35860260192272,FEASIBLE,"[[0.0, 0.0], [-12.262, -48.191]]"
TPE-taipei-idx15608-0-1|qp37,TPE-taipei-idx15608-0-1,taipei,2.48,0.48,0.96,124.14014488967216,74.62669525496035,FEASIBLE,"[[0.0, 0.0], [-50.041, 1.246]]"
TPE-taipei-idx11047-0-0|qp40,TPE-taipei-idx11047-0-0,taipei,2.69,0.48,0.96,133.75123420646256,84.35765173872873,FEASIBLE,"[[0.0, 0.0], [10.612, 48.576]]"
TPE-taipei-idx4344-0-0|qp42,TPE-taipei-idx4344-0-0,taipei,3.54,0.48,0.96,177.0928500952966,126.5908704084366,FEASIBLE,"[[0.0, 0.0], [-47.886, -14.476]]"
TPE-taipei-idx9453-0-1|qp43,TPE-taipei-idx9453-0-1,taipei,3.55,0.48,0.96,176.5556548879984,126.32462708730026,FEASIBLE,"[[0.0, 0.0], [14.266, 47.644]]"
TPE-taipei-idx813-0-1|qp45,TPE-taipei-idx813-0-1,taipei,2.99,0.48,0.96,148.9909161055038,99.20556779069318,FEASIBLE,"[[0.0, 0.0], [29.804, -39.934]]"
TPE-taipei-idx9590-0-0|qp51,TPE-taipei-idx9590-0-0,taipei,2.04,0.48,0.96,102.03747285339446,52.98303856944429,FEASIBLE,"[[0.0, 0.0], [-47.271, 16.349]]"
TPE-taipei-idx15608-0-1|qp62,TPE-taipei-idx15608-0-1,taipei,2.48,0.48,0.96,124.14014488967216,74.62669525496035,FEASIBLE,"[[0.0, 0.0], [-50.041, 1.246]]"
TPE-taipei-idx11047-0-0|qp67,TPE-taipei-idx11047-0-0,taipei,2.69,0.48,0.96,133.75123420646256,84.35765173872873,FEASIBLE,"[[0.0, 0.0], [10.612, 48.576]]"
TPE-taipei-idx813-0-1|qp75,TPE-taipei-idx813-0-1,taipei,2.99,0.48,0.96,148.9909161055038,99.20556779069318,FEASIBLE,"[[0.0, 0.0], [29.804, -39.934]]"
TPE-taipei-idx16266-0-0|qp96,TPE-taipei-idx16266-0-0,taipei,3.19,0.48,0.96,159.60771430053254,109.43449871165754,FEASIBLE,"[[0.0, 0.0], [-48.442, -12.52]]"
TPE-taipei-idx16266-0-0|qp144,TPE-taipei-idx16266-0-0,taipei,3.19,0.48,0.96,159.60771430053254,109.43449871165754,FEASIBLE,"[[0.0, 0.0], [-48.442, -12.52]]"
TAO-taoyuan-idx2361-0-3|qp2,TAO-taoyuan-idx2361-0-3,taoyuan,0.51,0.48,0.96,25.349922762574636,0.0,OUT_OF_DOMAIN_GEOMETRY,"[[0.0, 0.0], [-0.609, -49.702]]"
TAO-taoyuan-idx8762-0-0|qp2,TAO-taoyuan-idx8762-0-0,taoyuan,0.43,0.48,0.96,21.423859775784944,0.0,OUT_OF_DOMAIN_GEOMETRY,"[[0.0, 0.0], [-28.978, -40.529]]"
TAO-taoyuan-idx8762-0-0|qp5,TAO-taoyuan-idx8762-0-0,taoyuan,0.43,0.48,0.96,21.423859775784944,0.0,OUT_OF_DOMAIN_GEOMETRY,"[[0.0, 0.0], [-28.978, -40.529]]"
TAO-taoyuan-idx2361-0-3|qp6,TAO-taoyuan-idx2361-0-3,taoyuan,0.51,0.48,0.96,25.349922762574636,0.0,OUT_OF_DOMAIN_GEOMETRY,"[[0.0, 0.0], [-0.609, -49.702]]"
TAO-taoyuan-idx3665-0-0|qp6,TAO-taoyuan-idx3665-0-0,taoyuan,1.2,0.48,0.96,59.88637848993724,11.74687569798752,FEASIBLE,"[[0.0, 0.0], [37.735, -32.659]]"
TAO-taoyuan-idx6197-0-0|qp6,TAO-taoyuan-idx6197-0-0,taoyuan,1.2,0.48,0.96,59.75638111934161,11.720876223868416,FEASIBLE,"[[0.0, 0.0], [-25.469, 42.791]]"
TAO-taoyuan-idx1898-0-4|qp7,TAO-taoyuan-idx1898-0-4,taoyuan,1.46,0.48,0.96,72.68027484019862,24.41050508225986,FEASIBLE,"[[0.0, 0.0], [-23.138, 44.077]]"
TAO-taoyuan-idx9342-0-2|qp7,TAO-taoyuan-idx9342-0-2,taoyuan,1.34,0.48,0.96,66.98384582655746,18.630618965740258,FEASIBLE,"[[0.0, 0.0], [-44.929, -21.913]]"
TAO-taoyuan-idx10181-0-0|qp9,TAO-taoyuan-idx10181-0-0,taoyuan,1.8,0.48,0.96,90.09097845023106,41.236056610107866,FEASIBLE,"[[0.0, 0.0], [-49.623, -6.528]]"
TAO-taoyuan-idx5160-0-0|qp9,TAO-taoyuan-idx5160-0-0,taoyuan,1.87,0.48,0.96,93.0268943416689,44.39617211279076,FEASIBLE,"[[0.0, 0.0], [17.208, -46.676]]"
TAO-taoyuan-idx3430-0-3|qp10,TAO-taoyuan-idx3430-0-3,taoyuan,2.04,0.48,0.96,101.41250187238259,52.65217157949672,FEASIBLE,"[[0.0, 0.0], [6.913, -49.229]]"
TAO-taoyuan-idx718-0-1|qp10,TAO-taoyuan-idx718-0-1,taoyuan,1.97,0.48,0.96,98.12697922605201,49.33915584685898,FEASIBLE,"[[0.0, 0.0], [-27.358, -41.625]]"
TAO-taoyuan-idx7044-0-7|qp11,TAO-taoyuan-idx7044-0-7,taoyuan,2.23,0.48,0.96,111.03139176779882,62.01392445968794,FEASIBLE,"[[0.0, 0.0], [-24.544, -43.32]]"
TAO-taoyuan-idx3410-0-9|qp12,TAO-taoyuan-idx3410-0-9,taoyuan,2.4,0.48,0.96,119.76318356490005,70.47551013894005,FEASIBLE,"[[0.0, 0.0], [-37.393, -33.044]]"
TAO-taoyuan-idx6720-0-3|qp12,TAO-taoyuan-idx6720-0-3,taoyuan,2.3,0.48,0.96,115.10631814913546,65.77554187819202,FEASIBLE,"[[0.0, 0.0], [49.341, 8.372]]"
TAO-taoyuan-idx5379-0-4|qp13,TAO-taoyuan-idx5379-0-4,taoyuan,2.6,0.48,0.96,129.9399261197266,80.38770724475057,FEASIBLE,"[[0.0, 0.0], [44.0, 23.7]]"
TAO-taoyuan-idx3665-0-0|qp14,TAO-taoyuan-idx3665-0-0,taoyuan,1.2,0.48,0.96,59.88637848993724,11.74687569798752,FEASIBLE,"[[0.0, 0.0], [37.735, -32.659]]"
TAO-taoyuan-idx6197-0-0|qp14,TAO-taoyuan-idx6197-0-0,taoyuan,1.2,0.48,0.96,59.75638111934161,11.720876223868416,FEASIBLE,"[[0.0, 0.0], [-25.469, 42.791]]"
TAO-taoyuan-idx158-0-0|qp15,TAO-taoyuan-idx158-0-0,taoyuan,3.0,0.48,0.96,149.11728219760445,99.44135189437102,FEASIBLE,"[[0.0, 0.0], [-0.275, 49.705]]"
TAO-taoyuan-idx9038-0-2|qp15,TAO-taoyuan-idx9038-0-2,taoyuan,3.07,0.48,0.96,152.5951835393188,102.85252288858719,FEASIBLE,"[[0.0, 0.0], [-0.96, 49.696]]"
TAO-taoyuan-idx9342-0-2|qp16,TAO-taoyuan-idx9342-0-2,taoyuan,1.34,0.48,0.96,66.98384582655746,18.630618965740258,FEASIBLE,"[[0.0, 0.0], [-44.929, -21.913]]"
TAO-taoyuan-idx1898-0-4|qp18,TAO-taoyuan-idx1898-0-4,taoyuan,1.46,0.48,0.96,72.68027484019862,24.41050508225986,FEASIBLE,"[[0.0, 0.0], [-23.138, 44.077]]"
TAO-taoyuan-idx373-0-1|qp18,TAO-taoyuan-idx373-0-1,taoyuan,1.2,0.48,0.96,60.05477853826455,11.780555707652972,FEASIBLE,"[[0.0, 0.0], [49.329, -8.439]]"
TAO-taoyuan-idx10181-0-0|qp22,TAO-taoyuan-idx10181-0-0,taoyuan,1.8,0.48,0.96,90.09097845023106,41.236056610107866,FEASIBLE,"[[0.0, 0.0], [-49.623, -6.528]]"
TAO-taoyuan-idx5160-0-0|qp22,TAO-taoyuan-idx5160-0-0,taoyuan,1.87,0.48,0.96,93.0268943416689,44.39617211279076,FEASIBLE,"[[0.0, 0.0], [17.208, -46.676]]"
TAO-taoyuan-idx3430-0-3|qp24,TAO-taoyuan-idx3430-0-3,taoyuan,2.04,0.48,0.96,101.41250187238259,52.65217157949672,FEASIBLE,"[[0.0, 0.0], [6.913, -49.229]]"
TAO-taoyuan-idx718-0-1|qp24,TAO-taoyuan-idx718-0-1,taoyuan,1.97,0.48,0.96,98.12697922605201,49.33915584685898,FEASIBLE,"[[0.0, 0.0], [-27.358, -41.625]]"
TAO-taoyuan-idx7044-0-7|qp27,TAO-taoyuan-idx7044-0-7,taoyuan,2.23,0.48,0.96,111.03139176779882,62.01392445968794,FEASIBLE,"[[0.0, 0.0], [-24.544, -43.32]]"
TAO-taoyuan-idx6720-0-3|qp28,TAO-taoyuan-idx6720-0-3,taoyuan,2.3,0.48,0.96,115.10631814913546,65.77554187819202,FEASIBLE,"[[0.0, 0.0], [49.341, 8.372]]"
TAO-taoyuan-idx3410-0-9|qp29,TAO-taoyuan-idx3410-0-9,taoyuan,2.4,0.48,0.96,119.76318356490005,70.47551013894005,FEASIBLE,"[[0.0, 0.0], [-37.393, -33.044]]"
TAO-taoyuan-idx373-0-1|qp30,TAO-taoyuan-idx373-0-1,taoyuan,1.2,0.48,0.96,60.05477853826455,11.780555707652972,FEASIBLE,"[[0.0, 0.0], [49.329, -8.439]]"
TAO-taoyuan-idx5379-0-4|qp31,TAO-taoyuan-idx5379-0-4,taoyuan,2.6,0.48,0.96,129.9399261197266,80.38770724475057,FEASIBLE,"[[0.0, 0.0], [44.0, 23.7]]"
TAO-taoyuan-idx578-0-8|qp34,TAO-taoyuan-idx578-0-8,taoyuan,2.28,0.48,0.96,113.68936005798251,64.55295582304247,FEASIBLE,"[[0.0, 0.0], [-33.54, -36.898]]"
TAO-taoyuan-idx531-0-1|qp35,TAO-taoyuan-idx531-0-1,taoyuan,6.92,0.48,0.96,344.4280337759098,290.9245100150898,FEASIBLE,"[[0.0, 0.0], [-21.908, 44.692]]"
TAO-taoyuan-idx158-0-0|qp36,TAO-taoyuan-idx158-0-0,taoyuan,3.0,0.48,0.96,149.11728219760445,99.44135189437102,FEASIBLE,"[[0.0, 0.0], [-0.275, 49.705]]"
TAO-taoyuan-idx9038-0-2|qp37,TAO-taoyuan-idx9038-0-2,taoyuan,3.07,0.48,0.96,152.5951835393188,102.85252288858719,FEASIBLE,"[[0.0, 0.0], [-0.96, 49.696]]"
TAO-taoyuan-idx578-0-8|qp57,TAO-taoyuan-idx578-0-8,taoyuan,2.28,0.48,0.96,113.68936005798251,64.55295582304247,FEASIBLE,"[[0.0, 0.0], [-33.54, -36.898]]"
TAO-taoyuan-idx6656-0-0|qp75,TAO-taoyuan-idx6656-0-0,taoyuan,5.0,0.48,0.96,249.44046634417612,197.6694968060943,FEASIBLE,"[[0.0, 0.0], [36.073, 34.461]]"
TAO-taoyuan-idx531-0-1|qp83,TAO-taoyuan-idx531-0-1,taoyuan,6.92,0.48,0.96,344.4280337759098,290.9245100150898,FEASIBLE,"[[0.0, 0.0], [-21.908, 44.692]]"
TAO-taoyuan-idx6656-0-0|qp125,TAO-taoyuan-idx6656-0-0,taoyuan,5.0,0.48,0.96,249.44046634417612,197.6694968060943,FEASIBLE,"[[0.0, 0.0], [36.073, 34.461]]"
DC-018|qp11.6,AMS-amsterdam-chain-77474-550,amsterdam,0.643,0.48,0.96,32.18071886136994,0.0,OUT_OF_DOMAIN_GEOMETRY,"[[0.0, 0.0], [-0.485, -0.036], [-15.069, 0.656], [-50.038, 0.583]]"
DC-019|qp15.4,AMS-amsterdam-chain-77474-550,amsterdam,0.643,0.48,0.96,32.18071886136994,0.0,OUT_OF_DOMAIN_GEOMETRY,"[[0.0, 0.0], [-0.485, -0.036], [-15.069, 0.656], [-50.038, 0.583]]"
DC-021|qp16.4,AMS-amsterdam-chain-75190-0,amsterdam,0.91,0.48,0.96,45.38621091281301,0.0,OUT_OF_DOMAIN_GEOMETRY,"[[0.0, 0.0], [-31.697, 31.937], [-34.97, 35.558]]"
DC-020|qp19.3,AMS-amsterdam-chain-77474-550,amsterdam,0.643,0.48,0.96,32.18071886136994,0.0,OUT_OF_DOMAIN_GEOMETRY,"[[0.0, 0.0], [-0.485, -0.036], [-15.069, 0.656], [-50.038, 0.583]]"
DC-022|qp21.8,AMS-amsterdam-chain-75190-0,amsterdam,0.91,0.48,0.96,45.38621091281301,0.0,OUT_OF_DOMAIN_GEOMETRY,"[[0.0, 0.0], [-31.697, 31.937], [-34.97, 35.558]]"
DC-023|qp27.3,AMS-amsterdam-chain-75190-0,amsterdam,0.91,0.48,0.96,45.38621091281301,0.0,OUT_OF_DOMAIN_GEOMETRY,"[[0.0, 0.0], [-31.697, 31.937], [-34.97, 35.558]]"
DC-024|qp35.3,AMS-amsterdam-chain-173340-0,amsterdam,1.96,0.48,0.96,97.2608789363485,48.51445984722429,FEASIBLE,"[[0.0, 0.0], [25.491, 5.447], [26.197, 4.995], [31.153, -17.452]]"
DC-027|qp35.4,AMS-amsterdam-chain-3511-0,amsterdam,1.969,0.48,0.96,96.54068847532798,47.775944700939995,FEASIBLE,"[[0.0, 0.0], [-0.316, -0.46], [3.644, -20.96], [4.151, -23.761], [7.776, -25.935], [9.084, -27.827], [11.317, -29.353], [27.39, -26.369]]"
DC-025|qp47.0,AMS-amsterdam-chain-173340-0,amsterdam,1.96,0.48,0.96,97.2608789363485,48.51445984722429,FEASIBLE,"[[0.0, 0.0], [25.491, 5.447], [26.197, 4.995], [31.153, -17.452]]"
DC-028|qp47.3,AMS-amsterdam-chain-3511-0,amsterdam,1.969,0.48,0.96,96.54068847532798,47.775944700939995,FEASIBLE,"[[0.0, 0.0], [-0.316, -0.46], [3.644, -20.96], [4.151, -23.761], [7.776, -25.935], [9.084, -27.827], [11.317, -29.353], [27.39, -26.369]]"
DC-030|qp50.3,AMS-amsterdam-chain-22812-0,amsterdam,2.796,0.48,0.96,137.36379303723854,87.74615902200011,FEASIBLE,"[[0.0, 0.0], [-0.941, 3.885], [-1.316, 5.437], [-2.176, 6.221], [-2.374, 10.077], [23.724, 39.347]]"
DC-026|qp58.8,AMS-amsterdam-chain-173340-0,amsterdam,1.96,0.48,0.96,97.2608789363485,48.51445984722429,FEASIBLE,"[[0.0, 0.0], [25.491, 5.447], [26.197, 4.995], [31.153, -17.452]]"
DC-029|qp59.1,AMS-amsterdam-chain-3511-0,amsterdam,1.969,0.48,0.96,96.54068847532798,47.775944700939995,FEASIBLE,"[[0.0, 0.0], [-0.316, -0.46], [3.644, -20.96], [4.151, -23.761], [7.776, -25.935], [9.084, -27.827], [11.317, -29.353], [27.39, -26.369]]"
DC-033|qp65.7,AMS-amsterdam-chain-142287-0,amsterdam,3.651,0.48,0.96,178.24576775134634,127.74171727114799,FEASIBLE,"[[0.0, 0.0], [0.894, -0.148], [11.386, 5.314], [13.112, 4.957], [17.396, 7.767], [32.883, 4.718], [47.405, 6.38]]"
DC-031|qp67.1,AMS-amsterdam-chain-22812-0,amsterdam,2.796,0.48,0.96,137.36379303723854,87.74615902200011,FEASIBLE,"[[0.0, 0.0], [-0.941, 3.885], [-1.316, 5.437], [-2.176, 6.221], [-2.374, 10.077], [23.724, 39.347]]"
DC-032|qp83.9,AMS-amsterdam-chain-22812-0,amsterdam,2.796,0.48,0.96,137.36379303723854,87.74615902200011,FEASIBLE,"[[0.0, 0.0], [-0.941, 3.885], [-1.316, 5.437], [-2.176, 6.221], [-2.374, 10.077], [23.724, 39.347]]"
DC-034|qp87.6,AMS-amsterdam-chain-142287-0,amsterdam,3.651,0.48,0.96,178.24576775134634,127.74171727114799,FEASIBLE,"[[0.0, 0.0], [0.894, -0.148], [11.386, 5.314], [13.112, 4.957], [17.396, 7.767], [32.883, 4.718], [47.405, 6.38]]"
DC-035|qp109.5,AMS-amsterdam-chain-142287-0,amsterdam,3.651,0.48,0.96,178.24576775134634,127.74171727114799,FEASIBLE,"[[0.0, 0.0], [0.894, -0.148], [11.386, 5.314], [13.112, 4.957], [17.396, 7.767], [32.883, 4.718], [47.405, 6.38]]"
DC-036|qp3.8,MEL-melbourne-RPSP1011231-0-5,melbourne,0.209,0.48,0.96,10.452857847240622,0.0,OUT_OF_DOMAIN_GEOMETRY,"[[0.0, 0.0], [46.883, 17.417]]"
DC-037|qp5.0,MEL-melbourne-RPSP1011231-0-5,melbourne,0.209,0.48,0.96,10.452857847240622,0.0,OUT_OF_DOMAIN_GEOMETRY,"[[0.0, 0.0], [46.883, 17.417]]"
DC-039|qp5.5,MEL-melbourne-RPSP03A13291L1-0-0,melbourne,0.305,0.48,0.96,15.265346740452717,0.0,OUT_OF_DOMAIN_GEOMETRY,"[[0.0, 0.0], [49.597, -6.721]]"
DC-038|qp6.3,MEL-melbourne-RPSP1011231-0-5,melbourne,0.209,0.48,0.96,10.452857847240622,0.0,OUT_OF_DOMAIN_GEOMETRY,"[[0.0, 0.0], [46.883, 17.417]]"
DC-040|qp7.3,MEL-melbourne-RPSP03A13291L1-0-0,melbourne,0.305,0.48,0.96,15.265346740452717,0.0,OUT_OF_DOMAIN_GEOMETRY,"[[0.0, 0.0], [49.597, -6.721]]"
DC-041|qp9.2,MEL-melbourne-RPSP03A13291L1-0-0,melbourne,0.305,0.48,0.96,15.265346740452717,0.0,OUT_OF_DOMAIN_GEOMETRY,"[[0.0, 0.0], [49.597, -6.721]]"
DC-042|qp30.5,MEL-melbourne-1389612-0-2,melbourne,1.697,0.48,0.96,84.36018025754241,35.92975333518491,FEASIBLE,"[[0.0, 0.0], [-6.265, 49.315]]"
DC-045|qp31.5,MEL-melbourne-1465622-0-2,melbourne,1.749,0.48,0.96,87.24817880799634,38.6015154485473,FEASIBLE,"[[0.0, 0.0], [-35.711, -34.831]]"
DC-043|qp40.7,MEL-melbourne-1389612-0-2,melbourne,1.697,0.48,0.96,84.36018025754241,35.92975333518491,FEASIBLE,"[[0.0, 0.0], [-6.265, 49.315]]"
DC-046|qp42.0,MEL-melbourne-1465622-0-2,melbourne,1.749,0.48,0.96,87.24817880799634,38.6015154485473,FEASIBLE,"[[0.0, 0.0], [-35.711, -34.831]]"
DC-048|qp49.0,MEL-melbourne-1389823-0-3,melbourne,2.722,0.48,0.96,135.87268433710491,86.26133444598781,FEASIBLE,"[[0.0, 0.0], [-38.855, 31.336]]"
DC-044|qp50.9,MEL-melbourne-1389612-0-2,melbourne,1.697,0.48,0.96,84.36018025754241,35.92975333518491,FEASIBLE,"[[0.0, 0.0], [-6.265, 49.315]]"
DC-047|qp52.5,MEL-melbourne-1465622-0-2,melbourne,1.749,0.48,0.96,87.24817880799634,38.6015154485473,FEASIBLE,"[[0.0, 0.0], [-35.711, -34.831]]"
DC-051|qp65.0,MEL-melbourne-RPSP03A10530L1-0-0,melbourne,3.609,0.48,0.96,179.4190098067516,129.15021491218755,FEASIBLE,"[[0.0, 0.0], [8.021, 49.063]]"
DC-049|qp65.3,MEL-melbourne-1389823-0-3,melbourne,2.722,0.48,0.96,135.87268433710491,86.26133444598781,FEASIBLE,"[[0.0, 0.0], [-38.855, 31.336]]"
DC-050|qp81.7,MEL-melbourne-1389823-0-3,melbourne,2.722,0.48,0.96,135.87268433710491,86.26133444598781,FEASIBLE,"[[0.0, 0.0], [-38.855, 31.336]]"
DC-052|qp86.6,MEL-melbourne-RPSP03A10530L1-0-0,melbourne,3.609,0.48,0.96,179.4190098067516,129.15021491218755,FEASIBLE,"[[0.0, 0.0], [8.021, 49.063]]"
DC-053|qp108.3,MEL-melbourne-RPSP03A10530L1-0-0,melbourne,3.609,0.48,0.96,179.4190098067516,129.15021491218755,FEASIBLE,"[[0.0, 0.0], [8.021, 49.063]]"
DC-072|qp20.2,NTP-newtaipei-idx12919-0-1,newtaipei,1.12,0.48,0.96,55.99897547062796,7.846253638661162,FEASIBLE,"[[0.0, 0.0], [-45.77, -20.125]]"
DC-075|qp25.2,NTP-newtaipei-idx3916-0-1,newtaipei,1.4,0.48,0.96,69.96333678863516,21.566077276428125,FEASIBLE,"[[0.0, 0.0], [-43.766, 24.123]]"
DC-073|qp26.9,NTP-newtaipei-idx12919-0-1,newtaipei,1.12,0.48,0.96,55.99897547062796,7.846253638661162,FEASIBLE,"[[0.0, 0.0], [-45.77, -20.125]]"
DC-078|qp30.8,NTP-newtaipei-idx13776-0-2,newtaipei,1.71,0.48,0.96,85.11814743446092,36.61252080458811,FEASIBLE,"[[0.0, 0.0], [-22.591, 44.355]]"
DC-081|qp31.3,NTP-newtaipei-idx6919-0-0,newtaipei,1.74,0.48,0.96,86.913452102728,38.21240266673998,FEASIBLE,"[[0.0, 0.0], [-41.824, -27.309]]"
DC-074|qp33.6,NTP-newtaipei-idx12919-0-1,newtaipei,1.12,0.48,0.96,55.99897547062796,7.846253638661162,FEASIBLE,"[[0.0, 0.0], [-45.77, -20.125]]"
DC-076|qp33.6,NTP-newtaipei-idx3916-0-1,newtaipei,1.4,0.48,0.96,69.96333678863516,21.566077276428125,FEASIBLE,"[[0.0, 0.0], [-43.766, 24.123]]"
DC-079|qp41.0,NTP-newtaipei-idx13776-0-2,newtaipei,1.71,0.48,0.96,85.11814743446092,36.61252080458811,FEASIBLE,"[[0.0, 0.0], [-22.591, 44.355]]"
DC-082|qp41.8,NTP-newtaipei-idx6919-0-0,newtaipei,1.74,0.48,0.96,86.913452102728,38.21240266673998,FEASIBLE,"[[0.0, 0.0], [-41.824, -27.309]]"
DC-077|qp42.0,NTP-newtaipei-idx3916-0-1,newtaipei,1.4,0.48,0.96,69.96333678863516,21.566077276428125,FEASIBLE,"[[0.0, 0.0], [-43.766, 24.123]]"
DC-084|qp44.3,NTP-newtaipei-idx251-0-0,newtaipei,2.46,0.48,0.96,122.40503215552863,73.19721472898097,FEASIBLE,"[[0.0, 0.0], [-19.427, -45.809]]"
DC-080|qp51.3,NTP-newtaipei-idx13776-0-2,newtaipei,1.71,0.48,0.96,85.11814743446092,36.61252080458811,FEASIBLE,"[[0.0, 0.0], [-22.591, 44.355]]"
DC-083|qp52.2,NTP-newtaipei-idx6919-0-0,newtaipei,1.74,0.48,0.96,86.913452102728,38.21240266673998,FEASIBLE,"[[0.0, 0.0], [-41.824, -27.309]]"
DC-085|qp59.0,NTP-newtaipei-idx251-0-0,newtaipei,2.46,0.48,0.96,122.40503215552863,73.19721472898097,FEASIBLE,"[[0.0, 0.0], [-19.427, -45.809]]"
DC-086|qp73.8,NTP-newtaipei-idx251-0-0,newtaipei,2.46,0.48,0.96,122.40503215552863,73.19721472898097,FEASIBLE,"[[0.0, 0.0], [-19.427, -45.809]]"
DC-087|qp89.6,NTP-newtaipei-idx11808-0-1,newtaipei,4.98,0.48,0.96,249.07590693639392,197.20207427395658,FEASIBLE,"[[0.0, 0.0], [-47.062, -16.932]]"
DC-088|qp119.5,NTP-newtaipei-idx11808-0-1,newtaipei,4.98,0.48,0.96,249.07590693639392,197.20207427395658,FEASIBLE,"[[0.0, 0.0], [-47.062, -16.932]]"
DC-089|qp149.4,NTP-newtaipei-idx11808-0-1,newtaipei,4.98,0.48,0.96,249.07590693639392,197.20207427395658,FEASIBLE,"[[0.0, 0.0], [-47.062, -16.932]]"
DC-000|qp13.7,NYC-nyc-10517-0-3,nyc,0.762,0.48,0.96,38.13918494011245,0.0,OUT_OF_DOMAIN_GEOMETRY,"[[0.0, 0.0], [49.729, -5.672]]"
DC-003|qp15.4,NYC-nyc-53282-0-0,nyc,0.853,0.48,0.96,42.505266817541255,0.0,OUT_OF_DOMAIN_GEOMETRY,"[[0.0, 0.0], [29.809, 39.931]]"
DC-001|qp18.3,NYC-nyc-10517-0-3,nyc,0.762,0.48,0.96,38.13918494011245,0.0,OUT_OF_DOMAIN_GEOMETRY,"[[0.0, 0.0], [49.729, -5.672]]"
DC-004|qp20.5,NYC-nyc-53282-0-0,nyc,0.853,0.48,0.96,42.505266817541255,0.0,OUT_OF_DOMAIN_GEOMETRY,"[[0.0, 0.0], [29.809, 39.931]]"
DC-002|qp22.9,NYC-nyc-10517-0-3,nyc,0.762,0.48,0.96,38.13918494011245,0.0,OUT_OF_DOMAIN_GEOMETRY,"[[0.0, 0.0], [49.729, -5.672]]"
DC-005|qp25.6,NYC-nyc-53282-0-0,nyc,0.853,0.48,0.96,42.505266817541255,0.0,OUT_OF_DOMAIN_GEOMETRY,"[[0.0, 0.0], [29.809, 39.931]]"
DC-006|qp30.2,NYC-nyc-46079-0-1,nyc,1.676,0.48,0.96,83.69480952758188,35.067701826819146,FEASIBLE,"[[0.0, 0.0], [40.673, -28.973]]"
DC-009|qp30.7,NYC-nyc-110605-0-2,nyc,1.707,0.48,0.96,85.0957339589533,36.52161067799565,FEASIBLE,"[[0.0, 0.0], [32.25, -38.014]]"
DC-007|qp40.2,NYC-nyc-46079-0-1,nyc,1.676,0.48,0.96,83.69480952758188,35.067701826819146,FEASIBLE,"[[0.0, 0.0], [40.673, -28.973]]"
DC-010|qp41.0,NYC-nyc-110605-0-2,nyc,1.707,0.48,0.96,85.0957339589533,36.52161067799565,FEASIBLE,"[[0.0, 0.0], [32.25, -38.014]]"
DC-012|qp43.3,NYC-nyc-17655-0-0,nyc,2.408,0.48,0.96,120.2987040947734,70.94900784436562,FEASIBLE,"[[0.0, 0.0], [42.445, -26.348]]"
DC-008|qp50.3,NYC-nyc-46079-0-1,nyc,1.676,0.48,0.96,83.69480952758188,35.067701826819146,FEASIBLE,"[[0.0, 0.0], [40.673, -28.973]]"
DC-011|qp51.2,NYC-nyc-110605-0-2,nyc,1.707,0.48,0.96,85.0957339589533,36.52161067799565,FEASIBLE,"[[0.0, 0.0], [32.25, -38.014]]"
DC-013|qp57.8,NYC-nyc-17655-0-0,nyc,2.408,0.48,0.96,120.2987040947734,70.94900784436562,FEASIBLE,"[[0.0, 0.0], [42.445, -26.348]]"
DC-015|qp66.9,NYC-nyc-9648-0-0,nyc,3.719,0.48,0.96,185.04430438604953,134.6294551333989,FEASIBLE,"[[0.0, 0.0], [19.053, 45.964]]"
DC-014|qp72.2,NYC-nyc-17655-0-0,nyc,2.408,0.48,0.96,120.2987040947734,70.94900784436562,FEASIBLE,"[[0.0, 0.0], [42.445, -26.348]]"
DC-016|qp89.3,NYC-nyc-9648-0-0,nyc,3.719,0.48,0.96,185.04430438604953,134.6294551333989,FEASIBLE,"[[0.0, 0.0], [19.053, 45.964]]"
DC-017|qp111.6,NYC-nyc-9648-0-0,nyc,3.719,0.48,0.96,185.04430438604953,134.6294551333989,FEASIBLE,"[[0.0, 0.0], [19.053, 45.964]]"
DC-090|qp21.0,SEA-seattle-5441957-0-1,seattle,1.168,0.48,0.96,58.465210361820326,10.21193280415978,FEASIBLE,"[[0.0, 0.0], [50.05, -0.764]]"
DC-093|qp27.4,SEA-seattle-5439807-0-1,seattle,1.524,0.48,0.96,75.7508530686343,27.49234026949458,FEASIBLE,"[[0.0, 0.0], [-1.105, 49.693]]"
DC-091|qp28.0,SEA-seattle-5441957-0-1,seattle,1.168,0.48,0.96,58.465210361820326,10.21193280415978,FEASIBLE,"[[0.0, 0.0], [50.05, -0.764]]"
DC-096|qp29.7,SEA-seattle-5432169-0-1,seattle,1.651,0.48,0.96,82.64248238644295,33.92534704362937,FEASIBLE,"[[0.0, 0.0], [50.056, 0.04]]"
DC-092|qp35.0,SEA-seattle-5441957-0-1,seattle,1.168,0.48,0.96,58.465210361820326,10.21193280415978,FEASIBLE,"[[0.0, 0.0], [50.05, -0.764]]"
DC-094|qp36.6,SEA-seattle-5439807-0-1,seattle,1.524,0.48,0.96,75.7508530686343,27.49234026949458,FEASIBLE,"[[0.0, 0.0], [-1.105, 49.693]]"
DC-097|qp39.6,SEA-seattle-5432169-0-1,seattle,1.651,0.48,0.96,82.64248238644295,33.92534704362937,FEASIBLE,"[[0.0, 0.0], [50.056, 0.04]]"
DC-099|qp43.9,SEA-seattle-5434873-0-0,seattle,2.438,0.48,0.96,122.03744195434493,72.56444207076366,FEASIBLE,"[[0.0, 0.0], [-50.055, -0.371]]"
DC-095|qp45.7,SEA-seattle-5439807-0-1,seattle,1.524,0.48,0.96,75.7508530686343,27.49234026949458,FEASIBLE,"[[0.0, 0.0], [-1.105, 49.693]]"
DC-098|qp49.5,SEA-seattle-5432169-0-1,seattle,1.651,0.48,0.96,82.64248238644295,33.92534704362937,FEASIBLE,"[[0.0, 0.0], [50.056, 0.04]]"
DC-100|qp58.5,SEA-seattle-5434873-0-0,seattle,2.438,0.48,0.96,122.03744195434493,72.56444207076366,FEASIBLE,"[[0.0, 0.0], [-50.055, -0.371]]"
DC-101|qp73.1,SEA-seattle-5434873-0-0,seattle,2.438,0.48,0.96,122.03744195434493,72.56444207076366,FEASIBLE,"[[0.0, 0.0], [-50.055, -0.371]]"
DC-102|qp73.2,SEA-seattle-5445989-0-0,seattle,4.064,0.48,0.96,202.00518808803764,151.30758712235945,FEASIBLE,"[[0.0, 0.0], [0.01, 49.706]]"
DC-103|qp97.5,SEA-seattle-5445989-0-0,seattle,4.064,0.48,0.96,202.00518808803764,151.30758712235945,FEASIBLE,"[[0.0, 0.0], [0.01, 49.706]]"
DC-104|qp121.9,SEA-seattle-5445989-0-0,seattle,4.064,0.48,0.96,202.00518808803764,151.30758712235945,FEASIBLE,"[[0.0, 0.0], [0.01, 49.706]]"
DC-054|qp21.4,TPE-taipei-idx9524-0-2,taipei,1.19,0.48,0.96,59.56030208550826,11.290855024930131,FEASIBLE,"[[0.0, 0.0], [49.623, 6.529]]"
DC-057|qp21.6,TPE-taipei-idx5150-0-0,taipei,1.2,0.48,0.96,60.067306488638216,11.783061297727656,FEASIBLE,"[[0.0, 0.0], [50.036, -1.418]]"
DC-055|qp28.6,TPE-taipei-idx9524-0-2,taipei,1.19,0.48,0.96,59.56030208550826,11.290855024930131,FEASIBLE,"[[0.0, 0.0], [49.623, 6.529]]"
DC-058|qp28.8,TPE-taipei-idx5150-0-0,taipei,1.2,0.48,0.96,60.067306488638216,11.783061297727656,FEASIBLE,"[[0.0, 0.0], [50.036, -1.418]]"
DC-060|qp31.5,TPE-taipei-idx12521-0-5,taipei,1.75,0.48,0.96,87.04719547643407,38.537191100790196,FEASIBLE,"[[0.0, 0.0], [15.866, -47.143]]"
DC-063|qp35.3,TPE-taipei-idx1592-0-2,taipei,1.96,0.48,0.96,98.10503898662087,49.093591319704515,FEASIBLE,"[[0.0, 0.0], [49.86, -4.398]]"
DC-056|qp35.7,TPE-taipei-idx9524-0-2,taipei,1.19,0.48,0.96,59.56030208550826,11.290855024930131,FEASIBLE,"[[0.0, 0.0], [49.623, 6.529]]"
DC-059|qp36.0,TPE-taipei-idx5150-0-0,taipei,1.2,0.48,0.96,60.067306488638216,11.783061297727656,FEASIBLE,"[[0.0, 0.0], [50.036, -1.418]]"
DC-061|qp42.0,TPE-taipei-idx12521-0-5,taipei,1.75,0.48,0.96,87.04719547643407,38.537191100790196,FEASIBLE,"[[0.0, 0.0], [15.866, -47.143]]"
DC-066|qp44.6,TPE-taipei-idx15608-0-1,taipei,2.48,0.48,0.96,124.14014488967216,74.62669525496035,FEASIBLE,"[[0.0, 0.0], [-50.041, 1.246]]"
DC-064|qp47.0,TPE-taipei-idx1592-0-2,taipei,1.96,0.48,0.96,98.10503898662087,49.093591319704515,FEASIBLE,"[[0.0, 0.0], [49.86, -4.398]]"
DC-062|qp52.5,TPE-taipei-idx12521-0-5,taipei,1.75,0.48,0.96,87.04719547643407,38.537191100790196,FEASIBLE,"[[0.0, 0.0], [15.866, -47.143]]"
DC-065|qp58.8,TPE-taipei-idx1592-0-2,taipei,1.96,0.48,0.96,98.10503898662087,49.093591319704515,FEASIBLE,"[[0.0, 0.0], [49.86, -4.398]]"
DC-067|qp59.5,TPE-taipei-idx15608-0-1,taipei,2.48,0.48,0.96,124.14014488967216,74.62669525496035,FEASIBLE,"[[0.0, 0.0], [-50.041, 1.246]]"
DC-069|qp63.7,TPE-taipei-idx4344-0-0,taipei,3.54,0.48,0.96,177.0928500952966,126.5908704084366,FEASIBLE,"[[0.0, 0.0], [-47.886, -14.476]]"
DC-068|qp74.4,TPE-taipei-idx15608-0-1,taipei,2.48,0.48,0.96,124.14014488967216,74.62669525496035,FEASIBLE,"[[0.0, 0.0], [-50.041, 1.246]]"
DC-070|qp85.0,TPE-taipei-idx4344-0-0,taipei,3.54,0.48,0.96,177.0928500952966,126.5908704084366,FEASIBLE,"[[0.0, 0.0], [-47.886, -14.476]]"
DC-071|qp106.2,TPE-taipei-idx4344-0-0,taipei,3.54,0.48,0.96,177.0928500952966,126.5908704084366,FEASIBLE,"[[0.0, 0.0], [-47.886, -14.476]]"
DC-105|qp7.7,TAO-taoyuan-idx8762-0-0,taoyuan,0.43,0.48,0.96,21.423859775784944,0.0,OUT_OF_DOMAIN_GEOMETRY,"[[0.0, 0.0], [-28.978, -40.529]]"
DC-108|qp9.2,TAO-taoyuan-idx2361-0-3,taoyuan,0.51,0.48,0.96,25.349922762574636,0.0,OUT_OF_DOMAIN_GEOMETRY,"[[0.0, 0.0], [-0.609, -49.702]]"
DC-106|qp10.3,TAO-taoyuan-idx8762-0-0,taoyuan,0.43,0.48,0.96,21.423859775784944,0.0,OUT_OF_DOMAIN_GEOMETRY,"[[0.0, 0.0], [-28.978, -40.529]]"
DC-109|qp12.2,TAO-taoyuan-idx2361-0-3,taoyuan,0.51,0.48,0.96,25.349922762574636,0.0,OUT_OF_DOMAIN_GEOMETRY,"[[0.0, 0.0], [-0.609, -49.702]]"
DC-107|qp12.9,TAO-taoyuan-idx8762-0-0,taoyuan,0.43,0.48,0.96,21.423859775784944,0.0,OUT_OF_DOMAIN_GEOMETRY,"[[0.0, 0.0], [-28.978, -40.529]]"
DC-110|qp15.3,TAO-taoyuan-idx2361-0-3,taoyuan,0.51,0.48,0.96,25.349922762574636,0.0,OUT_OF_DOMAIN_GEOMETRY,"[[0.0, 0.0], [-0.609, -49.702]]"
DC-111|qp32.4,TAO-taoyuan-idx10181-0-0,taoyuan,1.8,0.48,0.96,90.09097845023106,41.236056610107866,FEASIBLE,"[[0.0, 0.0], [-49.623, -6.528]]"
DC-112|qp43.2,TAO-taoyuan-idx10181-0-0,taoyuan,1.8,0.48,0.96,90.09097845023106,41.236056610107866,FEASIBLE,"[[0.0, 0.0], [-49.623, -6.528]]"
DC-114|qp43.2,TAO-taoyuan-idx3410-0-9,taoyuan,2.4,0.48,0.96,119.76318356490005,70.47551013894005,FEASIBLE,"[[0.0, 0.0], [-37.393, -33.044]]"
DC-113|qp54.0,TAO-taoyuan-idx10181-0-0,taoyuan,1.8,0.48,0.96,90.09097845023106,41.236056610107866,FEASIBLE,"[[0.0, 0.0], [-49.623, -6.528]]"
DC-115|qp57.6,TAO-taoyuan-idx3410-0-9,taoyuan,2.4,0.48,0.96,119.76318356490005,70.47551013894005,FEASIBLE,"[[0.0, 0.0], [-37.393, -33.044]]"
DC-116|qp72.0,TAO-taoyuan-idx3410-0-9,taoyuan,2.4,0.48,0.96,119.76318356490005,70.47551013894005,FEASIBLE,"[[0.0, 0.0], [-37.393, -33.044]]"
DC-117|qp90.0,TAO-taoyuan-idx6656-0-0,taoyuan,5.0,0.48,0.96,249.44046634417612,197.6694968060943,FEASIBLE,"[[0.0, 0.0], [36.073, 34.461]]"
DC-118|qp120.0,TAO-taoyuan-idx6656-0-0,taoyuan,5.0,0.48,0.96,249.44046634417612,197.6694968060943,FEASIBLE,"[[0.0, 0.0], [36.073, 34.461]]"
DC-119|qp150.0,TAO-taoyuan-idx6656-0-0,taoyuan,5.0,0.48,0.96,249.44046634417612,197.6694968060943,FEASIBLE,"[[0.0, 0.0], [36.073, 34.461]]"
