cell_id,source_id,city,W,L,width_p10,width_median,width_method,geometry_type,sinuosity,max_turn_deg,cum_turn_deg,rect_fill,source_crs,source_date,label,W_in_domain,applicability_status,arc_len,chord_len
HK-ST-01,PG4019707R0312,hongkong,1.501,36.01,1.326,1.501,perpendicular-cross-section (OBB long axis),A,1.0025,8.32,25.03,0.861,EPSG:2326,2026-08-14,narrow_OOD,False,OOD/fallback,35.59,35.5
HK-ST-02,PG4916000R0312,hongkong,1.196,50.0,0.991,1.196,perpendicular-cross-section (OBB long axis),C,1.1282,22.16,203.96,0.064,EPSG:2326,2026-08-14,narrow_OOD,False,OOD/fallback,102.42,90.78
HK-ST-03,PG4154135R0312,hongkong,1.554,50.0,1.296,1.554,perpendicular-cross-section (OBB long axis),A,1.0017,6.62,56.31,0.781,EPSG:2326,2026-08-14,narrow_OOD,False,OOD/fallback,92.66,92.51
HK-ST-04,PG4616114R0312,hongkong,0.995,50.0,0.934,0.995,perpendicular-cross-section (OBB long axis),C,1.0307,68.08,494.53,0.115,EPSG:2326,2026-08-14,narrow_OOD,False,OOD/fallback,266.96,259.01
HK-ST-05,PG4758903R0312,hongkong,1.613,38.28,0.996,1.613,perpendicular-cross-section (OBB long axis),A,1.0047,2.12,32.51,0.717,EPSG:2326,2026-08-14,narrow,True,in-domain,37.68,37.5
HK-ST-06,PG4431351R0312,hongkong,1.618,50.0,1.612,1.618,perpendicular-cross-section (OBB long axis),B,1.0004,2.07,16.68,0.551,EPSG:2326,2026-08-14,narrow,True,in-domain,176.57,176.5
HK-ST-07,PG4369753R0312,hongkong,6.676,50.0,3.144,6.676,perpendicular-cross-section (OBB long axis),C,1.1989,147.28,822.57,0.211,EPSG:2326,2026-08-14,wide_OOD,False,OOD/fallback,112.71,94.01
HK-ST-08,PG4758916R0312,hongkong,1.898,50.0,1.819,1.898,perpendicular-cross-section (OBB long axis),A,1.0002,0.68,8.1,0.848,EPSG:2326,2026-08-14,narrow,True,in-domain,56.01,56.0
HK-ST-09,PG4039306R0312,hongkong,1.957,50.0,1.941,1.957,perpendicular-cross-section (OBB long axis),B,1.0014,8.04,28.73,0.558,EPSG:2326,2026-08-14,narrow,True,in-domain,109.66,109.5
HK-ST-10,PG4618907R0312,hongkong,1.564,50.0,1.392,1.564,perpendicular-cross-section (OBB long axis),C,1.0303,15.77,149.81,0.187,EPSG:2326,2026-08-14,narrow_OOD,False,OOD/fallback,106.26,103.14
HK-ST-11,PG4100913R0312,hongkong,1.985,50.0,1.91,1.985,perpendicular-cross-section (OBB long axis),A,1.0023,8.42,40.36,0.89,EPSG:2326,2026-08-14,narrow,True,in-domain,98.74,98.51
HK-ST-12,PG4616130R0312,hongkong,2.162,50.0,2.148,2.162,perpendicular-cross-section (OBB long axis),A,1.0051,19.13,94.42,0.684,EPSG:2326,2026-08-14,mid,True,in-domain,104.04,103.51
HK-ST-13,PG4019720R0312,hongkong,2.055,50.0,1.948,2.055,perpendicular-cross-section (OBB long axis),B,1.0084,32.41,190.18,0.436,EPSG:2326,2026-08-14,mid,True,in-domain,144.72,143.51
HK-ST-14,PG4154129R0312,hongkong,2.002,50.0,1.761,2.002,perpendicular-cross-section (OBB long axis),C,1.0137,5.66,81.05,0.274,EPSG:2326,2026-08-14,mid,True,OOD/fallback,81.61,80.5
HK-ST-15,PG4758914R0312,hongkong,2.197,45.31,2.159,2.197,perpendicular-cross-section (OBB long axis),A,1.0,0.14,0.41,0.898,EPSG:2326,2026-08-14,mid,True,in-domain,44.5,44.5
HK-ST-16,PG4154118R0312,hongkong,2.068,36.56,2.0,2.068,perpendicular-cross-section (OBB long axis),B,1.0281,43.19,178.51,0.449,EPSG:2326,2026-08-14,mid,True,in-domain,37.06,36.05
HK-ST-17,PG4019732R0312,hongkong,2.034,50.0,2.025,2.034,perpendicular-cross-section (OBB long axis),C,1.1629,15.31,126.76,0.063,EPSG:2326,2026-08-14,mid,True,OOD/fallback,155.28,133.53
HK-ST-18,PG4616176R0312,hongkong,2.228,50.0,2.198,2.228,perpendicular-cross-section (OBB long axis),A,1.0018,17.28,31.91,0.949,EPSG:2326,2026-08-14,mid,True,in-domain,60.11,60.0
HK-ST-19,PG4154137R0312,hongkong,2.077,44.42,2.013,2.077,perpendicular-cross-section (OBB long axis),B,1.0087,17.78,98.2,0.503,EPSG:2326,2026-08-14,mid,True,in-domain,43.9,43.53
HK-ST-20,PG4758924R0312,hongkong,2.067,50.0,1.966,2.067,perpendicular-cross-section (OBB long axis),C,1.0207,46.11,447.12,0.265,EPSG:2326,2026-08-14,mid,True,OOD/fallback,144.94,142.01
HK-ST-21,PG4039378R0312,hongkong,2.475,50.0,2.466,2.475,perpendicular-cross-section (OBB long axis),A,1.0007,3.0,15.76,0.949,EPSG:2326,2026-08-14,wide,True,in-domain,58.55,58.5
HK-ST-22,PG4431346R0312,hongkong,2.475,50.0,2.167,2.475,perpendicular-cross-section (OBB long axis),B,1.0099,1.46,38.76,0.427,EPSG:2326,2026-08-14,wide,True,in-domain,56.06,55.51
HK-ST-23,PG4039386R0312,hongkong,4.853,50.0,4.803,4.853,perpendicular-cross-section (OBB long axis),C,1.2629,78.74,521.17,0.25,EPSG:2326,2026-08-14,wide_OOD,False,OOD/fallback,78.32,62.02
HK-ST-24,PG4627334R0312,hongkong,2.472,50.0,0.729,2.472,perpendicular-cross-section (OBB long axis),A,1.0017,1.67,13.09,0.671,EPSG:2326,2026-08-14,wide,True,in-domain,54.59,54.5
HK-ST-25,PG4616155R0312,hongkong,2.632,50.0,2.589,2.632,perpendicular-cross-section (OBB long axis),B,1.0169,12.35,93.16,0.444,EPSG:2326,2026-08-14,wide,True,in-domain,84.41,83.01
HK-ST-26,PG4914003R0312,hongkong,2.04,50.0,1.853,2.04,perpendicular-cross-section (OBB long axis),C,1.6794,117.0,1461.12,0.124,EPSG:2326,2026-08-14,mid,True,OOD/fallback,255.23,151.98
HK-ST-27,PG4154148R0312,hongkong,2.362,50.0,2.278,2.362,perpendicular-cross-section (OBB long axis),A,1.0094,32.27,117.77,0.798,EPSG:2326,2026-08-14,mid,True,in-domain,69.65,69.01
HK-ST-28,PG4369844R0312,hongkong,2.54,50.0,2.437,2.54,perpendicular-cross-section (OBB long axis),B,1.02,50.37,130.79,0.414,EPSG:2326,2026-08-14,wide,True,in-domain,145.37,142.53
HK-ST-29,PG4616171R0312,hongkong,2.452,50.0,2.421,2.452,perpendicular-cross-section (OBB long axis),C,1.0487,41.09,304.53,0.297,EPSG:2326,2026-08-14,wide,True,OOD/fallback,61.43,58.58
HK-ST-30,PG4039318R0312,hongkong,2.544,50.0,2.459,2.544,perpendicular-cross-section (OBB long axis),A,1.0013,8.93,31.65,0.942,EPSG:2326,2026-08-14,wide,True,in-domain,61.58,61.5
HK-ST-31,PG4039303R0312,hongkong,3.047,43.43,1.408,3.047,perpendicular-cross-section (OBB long axis),A,1.0007,4.59,13.82,0.852,EPSG:2326,2026-08-14,wide_OOD,False,OOD/fallback,42.55,42.51
HK-ST-32,PG4369707R0312,hongkong,3.001,36.82,2.893,3.001,perpendicular-cross-section (OBB long axis),B,1.0635,24.15,101.89,0.427,EPSG:2326,2026-08-14,wide_OOD,False,OOD/fallback,38.29,36.0
