cell_id,city,city_code,type,context,W,sinuosity,qp,vbar,base_pass,dens_base,fr_base,qr_star,above_upper
AMS-amsterdam-chain-79104-0,amsterdam,AMS,A,residential,1.662,1.0045,8,1.334,True,0.061,0.996,18.0,False
AMS-amsterdam-chain-45268-50,amsterdam,AMS,A,residential,2.166,1.0002,11,1.298,True,0.066,1.005,18.0,False
AMS-amsterdam-chain-44642-0,amsterdam,AMS,A,residential,2.482,1.0,12,1.324,True,0.061,1.001,20.0,True
AMS-amsterdam-chain-32802-0,amsterdam,AMS,A,residential,2.575,1.0007,13,1.3,True,0.065,1.003,20.0,True
AMS-amsterdam-chain-158080-0,amsterdam,AMS,A,residential,3.89,1.0,19,1.321,True,0.062,1.001,20.0,True
AMS-amsterdam-chain-79104-0,amsterdam,AMS,A,residential,1.662,1.0045,20,1.312,True,0.153,1.001,12.0,False
AMS-amsterdam-chain-45268-50,amsterdam,AMS,A,residential,2.166,1.0002,26,1.209,True,0.168,0.998,12.0,False
AMS-amsterdam-chain-44642-0,amsterdam,AMS,A,residential,2.482,1.0,30,1.262,True,0.16,0.999,15.0,False
AMS-amsterdam-chain-32802-0,amsterdam,AMS,A,residential,2.575,1.0007,31,1.218,True,0.167,1.002,18.0,False
AMS-amsterdam-chain-158080-0,amsterdam,AMS,A,residential,3.89,1.0,47,1.212,True,0.166,1.002,12.0,False
AMS-amsterdam-chain-173340-0,amsterdam,AMS,B,residential,1.96,1.3994,10,0.0,False,0.0,0.0,0.0,False
AMS-amsterdam-chain-3511-0,amsterdam,AMS,B,residential,1.969,1.3121,10,0.0,False,0.0,0.0,0.0,False
AMS-amsterdam-chain-95719-50,amsterdam,AMS,B,residential,2.062,1.1848,10,0.0,False,0.0,0.0,0.0,False
AMS-amsterdam-chain-141619-0,amsterdam,AMS,B,residential,2.098,1.0069,10,1.311,True,0.061,1.009,15.0,False
AMS-amsterdam-chain-166482-0,amsterdam,AMS,B,residential,2.267,1.0152,11,1.273,True,0.063,1.005,15.0,False
AMS-amsterdam-chain-22812-0,amsterdam,AMS,B,residential,2.796,1.0839,14,1.307,True,0.064,1.012,20.0,True
AMS-amsterdam-chain-142287-0,amsterdam,AMS,B,residential,3.651,1.0464,18,0.0,False,0.0,0.0,0.0,False
AMS-amsterdam-chain-173340-0,amsterdam,AMS,B,residential,1.96,1.3994,24,0.0,False,0.0,0.0,0.0,False
AMS-amsterdam-chain-3511-0,amsterdam,AMS,B,residential,1.969,1.3121,24,0.0,False,0.0,0.0,0.0,False
AMS-amsterdam-chain-95719-50,amsterdam,AMS,B,residential,2.062,1.1848,25,0.0,False,0.0,0.0,0.0,False
AMS-amsterdam-chain-141619-0,amsterdam,AMS,B,residential,2.098,1.0069,25,1.239,True,0.162,1.0,10.0,False
AMS-amsterdam-chain-166482-0,amsterdam,AMS,B,residential,2.267,1.0152,27,1.17,True,0.171,1.004,12.0,False
AMS-amsterdam-chain-22812-0,amsterdam,AMS,B,residential,2.796,1.0839,34,1.239,True,0.165,1.004,12.0,False
AMS-amsterdam-chain-142287-0,amsterdam,AMS,B,residential,3.651,1.0464,44,0.0,False,0.0,0.0,0.0,False
AMS-amsterdam-chain-138895-0,amsterdam,AMS,B,commercial,3.48,1.1712,52,0.67,True,0.372,0.994,3.0,False
AMS-amsterdam-chain-138895-0,amsterdam,AMS,B,commercial,3.48,1.1712,87,0.283,False,1.297,1.596,0.0,False
AMS-amsterdam-chain-77474-550,amsterdam,AMS,C,residential,0.643,1.0003,3,0.096,True,0.888,1.0,20.0,True
AMS-amsterdam-chain-75190-0,amsterdam,AMS,C,residential,0.91,1.0001,4,0.107,True,0.821,1.0,20.0,True
AMS-amsterdam-chain-66173-0,amsterdam,AMS,C,residential,1.208,1.0,6,1.301,True,0.064,0.985,0.0,False
AMS-amsterdam-chain-15655-200,amsterdam,AMS,C,residential,1.319,1.0,7,1.291,True,0.069,1.0,0.0,False
AMS-amsterdam-chain-32674-0,amsterdam,AMS,C,residential,1.323,1.274,7,0.0,False,0.0,0.0,0.0,False
AMS-amsterdam-chain-32447-100,amsterdam,AMS,C,residential,1.352,1.044,7,0.0,False,0.0,0.0,0.0,False
AMS-amsterdam-chain-77474-550,amsterdam,AMS,C,residential,0.643,1.0003,8,0.043,False,2.181,1.0,0.0,False
AMS-amsterdam-chain-7530-50,amsterdam,AMS,C,residential,1.529,1.0,8,1.318,True,0.067,0.996,0.0,False
AMS-amsterdam-chain-75190-0,amsterdam,AMS,C,residential,0.91,1.0001,11,0.067,False,2.157,1.0,0.0,False
AMS-amsterdam-chain-66173-0,amsterdam,AMS,C,residential,1.208,1.0,14,1.217,True,0.161,1.007,0.0,False
AMS-amsterdam-chain-15655-200,amsterdam,AMS,C,residential,1.319,1.0,16,1.241,True,0.165,1.001,0.0,False
AMS-amsterdam-chain-32674-0,amsterdam,AMS,C,residential,1.323,1.274,16,0.0,False,0.0,0.0,0.0,False
AMS-amsterdam-chain-32447-100,amsterdam,AMS,C,residential,1.352,1.044,16,0.0,False,0.0,0.0,0.0,False
AMS-amsterdam-chain-7530-50,amsterdam,AMS,C,residential,1.529,1.0,18,1.271,True,0.157,1.002,0.0,False
MEL-melbourne-1389612-0-2,melbourne,MEL,A,residential,1.697,1.0,8,1.319,True,0.06,0.996,10.0,False
MEL-melbourne-1465622-0-2,melbourne,MEL,A,residential,1.749,1.0,9,1.322,True,0.066,1.0,12.0,False
MEL-melbourne-1477330-0-0,melbourne,MEL,A,residential,1.83,1.0,9,1.32,True,0.063,0.999,15.0,False
MEL-melbourne-RPSP02B11034-0-0,melbourne,MEL,A,residential,1.844,1.0,9,1.315,True,0.063,1.001,15.0,False
MEL-melbourne-1434605-0-0,melbourne,MEL,A,residential,2.156,1.0,11,1.32,True,0.065,1.004,18.0,False
MEL-melbourne-1465759-0-1,melbourne,MEL,A,residential,2.348,1.0,12,1.321,True,0.065,1.001,20.0,True
MEL-melbourne-1389823-0-3,melbourne,MEL,A,residential,2.722,1.0,14,1.327,True,0.065,1.008,20.0,True
MEL-melbourne-RPSP07A11127-0-0,melbourne,MEL,A,residential,3.121,1.0,16,1.324,True,0.065,1.001,20.0,True
MEL-melbourne-RPSP03A11034L1-0-0,melbourne,MEL,A,residential,3.194,1.0,16,1.323,True,0.063,1.0,20.0,True
MEL-melbourne-1389612-0-2,melbourne,MEL,A,residential,1.697,1.0,20,1.249,True,0.16,1.003,6.0,False
MEL-melbourne-1465622-0-2,melbourne,MEL,A,residential,1.749,1.0,21,1.253,True,0.162,1.002,8.0,False
MEL-melbourne-1477330-0-0,melbourne,MEL,A,residential,1.83,1.0,22,1.239,True,0.164,0.998,8.0,False
MEL-melbourne-RPSP02B11034-0-0,melbourne,MEL,A,residential,1.844,1.0,22,1.235,True,0.163,0.999,6.0,False
MEL-melbourne-1434605-0-0,melbourne,MEL,A,residential,2.156,1.0,26,1.25,True,0.162,1.003,12.0,False
MEL-melbourne-1515142-0-0,melbourne,MEL,A,residential,5.175,1.0,26,1.294,True,0.065,1.004,20.0,True
MEL-melbourne-1465759-0-1,melbourne,MEL,A,residential,2.348,1.0,28,1.263,True,0.158,0.996,12.0,False
MEL-melbourne-1389823-0-3,melbourne,MEL,A,residential,2.722,1.0,33,1.258,True,0.161,1.003,15.0,False
MEL-melbourne-RPSP07A11127-0-0,melbourne,MEL,A,residential,3.121,1.0,38,1.248,True,0.163,1.003,15.0,False
MEL-melbourne-RPSP03A11034L1-0-0,melbourne,MEL,A,residential,3.194,1.0,38,1.248,True,0.159,1.002,15.0,False
MEL-melbourne-RPSP0814955L1-0-0,melbourne,MEL,A,commercial,3.499,1.0,52,1.199,True,0.207,1.002,12.0,False
MEL-melbourne-RPSP03A10530L1-0-0,melbourne,MEL,A,commercial,3.609,1.0,54,1.196,True,0.209,1.006,10.0,False
MEL-melbourne-1515142-0-0,melbourne,MEL,A,residential,5.175,1.0,62,1.164,True,0.172,1.001,10.0,False
MEL-melbourne-1385230-0-1,melbourne,MEL,A,MRT-frontage,2.271,1.0,68,1.084,True,0.464,1.006,0.0,False
MEL-melbourne-RPSP0814955L1-0-0,melbourne,MEL,A,commercial,3.499,1.0,88,0.97,True,0.431,0.985,4.0,False
MEL-melbourne-RPSP03A10530L1-0-0,melbourne,MEL,A,commercial,3.609,1.0,90,0.974,True,0.427,0.986,4.0,False
MEL-melbourne-1385230-0-1,melbourne,MEL,A,MRT-frontage,2.271,1.0,102,0.037,False,3.028,1.0,0.0,False
MEL-melbourne-RPSP1011231-0-5,melbourne,MEL,C,residential,0.209,1.0,1,0.0,True,0.0,1.0,0.0,False
MEL-melbourne-RPSP1011231-0-5,melbourne,MEL,C,residential,0.209,1.0,2,0.0,True,0.0,1.0,0.0,False
MEL-melbourne-idx7418-0-6,melbourne,MEL,C,residential,0.603,1.0,3,0.083,True,0.947,1.0,20.0,True
MEL-melbourne-RPSP03A13291L1-0-0,melbourne,MEL,C,commercial,0.305,1.0,5,0.0,True,0.0,1.0,0.0,False
MEL-melbourne-idx7418-0-6,melbourne,MEL,C,residential,0.603,1.0,7,0.05,False,2.074,1.0,0.0,False
MEL-melbourne-RPSP03A10434L1-0-0,melbourne,MEL,C,residential,1.33,1.0,7,1.293,True,0.068,1.0,0.0,False
MEL-melbourne-RPSP03A13291L1-0-0,melbourne,MEL,C,commercial,0.305,1.0,8,0.0,True,0.0,1.0,0.0,False
MEL-melbourne-RPSP0813599L1-0-0,melbourne,MEL,C,commercial,0.617,1.0,9,0.036,False,2.458,1.0,0.0,False
MEL-melbourne-RPSP0813599L1-0-0,melbourne,MEL,C,commercial,0.617,1.0,15,0.013,False,3.057,1.0,0.0,False
MEL-melbourne-RPSP03A10434L1-0-0,melbourne,MEL,C,residential,1.33,1.0,16,1.248,True,0.163,1.005,0.0,False
MEL-melbourne-RPSP0813145L1-0-1,melbourne,MEL,C,commercial,1.271,1.0,19,1.197,True,0.212,1.0,0.0,False
MEL-melbourne-1385129-0-0,melbourne,MEL,C,commercial,1.344,1.0,20,1.239,True,0.203,1.002,0.0,False
MEL-melbourne-RPSP0813145L1-0-1,melbourne,MEL,C,commercial,1.271,1.0,32,1.089,True,0.392,1.001,0.0,False
MEL-melbourne-1385129-0-0,melbourne,MEL,C,commercial,1.344,1.0,34,1.128,True,0.38,1.0,0.0,False
NTP-newtaipei-idx13776-0-2,newtaipei,NTP,A,residential,1.71,1.0,9,1.321,True,0.067,1.002,10.0,False
NTP-newtaipei-idx7317-0-1,newtaipei,NTP,A,residential,1.74,1.0,9,1.312,True,0.067,1.002,12.0,False
NTP-newtaipei-idx6919-0-0,newtaipei,NTP,A,residential,1.74,1.0,9,1.316,True,0.066,1.0,12.0,False
NTP-newtaipei-idx11901-0-0,newtaipei,NTP,A,residential,1.78,1.0,9,1.317,True,0.065,1.001,12.0,False
NTP-newtaipei-idx13763-0-2,newtaipei,NTP,A,residential,1.8,1.0,9,1.318,True,0.064,1.0,12.0,False
NTP-newtaipei-idx9858-0-0,newtaipei,NTP,A,residential,1.91,1.0,10,1.313,True,0.067,1.008,12.0,False
NTP-newtaipei-idx5617-0-0,newtaipei,NTP,A,residential,2.33,1.0,12,1.322,True,0.065,1.001,20.0,True
NTP-newtaipei-idx251-0-0,newtaipei,NTP,A,residential,2.46,1.0,12,1.323,True,0.062,1.001,20.0,True
NTP-newtaipei-idx6820-0-0,newtaipei,NTP,A,residential,2.62,1.0,13,1.324,True,0.063,1.002,20.0,True
NTP-newtaipei-idx7804-0-0,newtaipei,NTP,A,residential,2.9,1.0,14,1.327,True,0.061,1.0,20.0,True
NTP-newtaipei-idx4423-0-0,newtaipei,NTP,A,residential,2.99,1.0,15,1.322,True,0.064,0.988,20.0,True
NTP-newtaipei-idx13776-0-2,newtaipei,NTP,A,residential,1.71,1.0,20,1.256,True,0.157,1.005,5.0,False
NTP-newtaipei-idx7317-0-1,newtaipei,NTP,A,residential,1.74,1.0,21,1.238,True,0.165,1.001,6.0,False
NTP-newtaipei-idx6919-0-0,newtaipei,NTP,A,residential,1.74,1.0,21,1.247,True,0.164,1.0,6.0,False
NTP-newtaipei-idx11901-0-0,newtaipei,NTP,A,residential,1.78,1.0,21,1.244,True,0.161,0.998,6.0,False
NTP-newtaipei-idx13763-0-2,newtaipei,NTP,A,residential,1.8,1.0,22,1.244,True,0.165,1.003,8.0,False
NTP-newtaipei-idx9858-0-0,newtaipei,NTP,A,residential,1.91,1.0,23,1.234,True,0.165,1.0,6.0,False
NTP-newtaipei-idx11808-0-1,newtaipei,NTP,A,residential,4.98,1.0,25,1.297,True,0.065,1.001,20.0,True
NTP-newtaipei-idx5617-0-0,newtaipei,NTP,A,residential,2.33,1.0,28,1.26,True,0.16,0.999,12.0,False
NTP-newtaipei-idx251-0-0,newtaipei,NTP,A,residential,2.46,1.0,30,1.26,True,0.162,0.997,15.0,False
NTP-newtaipei-idx6820-0-0,newtaipei,NTP,A,residential,2.62,1.0,31,1.268,True,0.156,1.006,18.0,False
NTP-newtaipei-idx11355-0-2,newtaipei,NTP,A,residential,6.11,1.0,31,1.271,True,0.067,1.003,20.0,True
NTP-newtaipei-idx7804-0-0,newtaipei,NTP,A,residential,2.9,1.0,35,1.255,True,0.161,0.997,15.0,False
NTP-newtaipei-idx4423-0-0,newtaipei,NTP,A,residential,2.99,1.0,36,1.253,True,0.161,1.001,15.0,False
NTP-newtaipei-idx11808-0-1,newtaipei,NTP,A,residential,4.98,1.0,60,1.17,True,0.172,0.998,12.0,False
NTP-newtaipei-idx11355-0-2,newtaipei,NTP,A,residential,6.11,1.0,73,1.09,True,0.183,1.001,10.0,False
NTP-newtaipei-idx12919-0-1,newtaipei,NTP,C,residential,1.12,1.0,6,1.262,True,0.072,0.985,0.0,False
NTP-newtaipei-idx133-0-2,newtaipei,NTP,C,residential,1.54,1.0,8,1.315,True,0.067,0.997,3.0,False
NTP-newtaipei-idx672-0-2,newtaipei,NTP,C,residential,1.58,1.0,8,1.315,True,0.065,0.999,6.0,False
NTP-newtaipei-idx12919-0-1,newtaipei,NTP,C,residential,1.12,1.0,13,1.126,True,0.174,0.998,0.0,False
NTP-newtaipei-idx133-0-2,newtaipei,NTP,C,residential,1.54,1.0,18,1.267,True,0.156,1.004,1.0,False
NTP-newtaipei-idx672-0-2,newtaipei,NTP,C,residential,1.58,1.0,19,1.268,True,0.161,1.002,3.0,False
NTP-newtaipei-idx12775-0-0,newtaipei,NTP,C,commercial,1.5,1.0,22,1.247,True,0.198,0.999,0.0,False
NTP-newtaipei-idx3820-0-0,newtaipei,NTP,C,commercial,1.5,1.0,22,1.235,True,0.2,1.0,0.0,False
NTP-newtaipei-idx11985-0-0,newtaipei,NTP,C,commercial,1.56,1.0,23,1.23,True,0.203,1.0,2.0,False
NTP-newtaipei-idx12775-0-0,newtaipei,NTP,C,commercial,1.5,1.0,38,1.101,True,0.39,0.998,0.0,False
NTP-newtaipei-idx3820-0-0,newtaipei,NTP,C,commercial,1.5,1.0,38,1.089,True,0.394,0.997,0.0,False
NTP-newtaipei-idx11985-0-0,newtaipei,NTP,C,commercial,1.56,1.0,39,1.085,True,0.39,1.004,0.0,False
NTP-newtaipei-idx3916-0-1,newtaipei,NTP,C,MRT-frontage,1.4,1.0,42,1.048,True,0.484,1.001,0.0,False
NTP-newtaipei-idx3916-0-1,newtaipei,NTP,C,MRT-frontage,1.4,1.0,63,0.631,False,1.006,2.03,0.0,False
NYC-nyc-46079-0-1,nyc,NYC,A,residential,1.676,1.0,8,1.32,True,0.061,0.999,12.0,False
NYC-nyc-110605-0-2,nyc,NYC,A,residential,1.707,1.0,8,1.32,True,0.06,0.997,12.0,False
NYC-nyc-199805-0-0,nyc,NYC,A,residential,2.073,1.0,10,1.316,True,0.062,1.004,15.0,False
NYC-nyc-27695-0-3,nyc,NYC,A,residential,2.377,1.0,12,1.323,True,0.064,1.003,20.0,True
NYC-nyc-17655-0-0,nyc,NYC,A,residential,2.408,1.0,12,1.324,True,0.063,1.001,20.0,True
NYC-nyc-214464-0-0,nyc,NYC,A,residential,2.56,1.0,13,1.324,True,0.064,1.002,20.0,True
NYC-nyc-59808-0-1,nyc,NYC,A,residential,3.048,1.0,15,1.322,True,0.062,0.986,20.0,True
NYC-nyc-20131-0-2,nyc,NYC,A,residential,3.17,1.0,16,1.325,True,0.064,1.0,20.0,True
NYC-nyc-9648-0-0,nyc,NYC,A,residential,3.719,1.0,19,1.321,True,0.065,0.999,20.0,True
NYC-nyc-46079-0-1,nyc,NYC,A,residential,1.676,1.0,20,1.256,True,0.16,1.001,6.0,False
NYC-nyc-110605-0-2,nyc,NYC,A,residential,1.707,1.0,20,1.262,True,0.157,1.002,6.0,False
NYC-nyc-199805-0-0,nyc,NYC,A,residential,2.073,1.0,25,1.241,True,0.164,1.001,8.0,False
NYC-nyc-62758-0-0,nyc,NYC,A,residential,5.06,1.0,25,1.295,True,0.064,1.0,20.0,True
NYC-nyc-31649-0-0,nyc,NYC,A,commercial,1.859,1.0,28,1.195,True,0.213,0.995,5.0,False
NYC-nyc-27695-0-3,nyc,NYC,A,residential,2.377,1.0,28,1.265,True,0.156,0.998,15.0,False
NYC-nyc-17655-0-0,nyc,NYC,A,residential,2.408,1.0,29,1.26,True,0.16,0.999,15.0,False
NYC-nyc-214464-0-0,nyc,NYC,A,residential,2.56,1.0,31,1.262,True,0.161,1.004,18.0,False
NYC-nyc-98749-0-2,nyc,NYC,A,commercial,2.103,1.0,32,1.203,True,0.213,0.999,8.0,False
NYC-nyc-267383-0-0,nyc,NYC,A,commercial,2.347,1.0,35,1.229,True,0.203,0.997,12.0,False
NYC-nyc-59808-0-1,nyc,NYC,A,residential,3.048,1.0,37,1.246,True,0.163,0.996,15.0,False
NYC-nyc-20131-0-2,nyc,NYC,A,residential,3.17,1.0,38,1.246,True,0.161,1.004,15.0,False
NYC-nyc-9648-0-0,nyc,NYC,A,residential,3.719,1.0,45,1.221,True,0.166,1.0,15.0,False
NYC-nyc-31649-0-0,nyc,NYC,A,commercial,1.859,1.0,46,1.029,True,0.409,1.0,0.0,False
NYC-nyc-98749-0-2,nyc,NYC,A,commercial,2.103,1.0,53,1.053,True,0.404,0.996,0.0,False
NYC-nyc-267383-0-0,nyc,NYC,A,commercial,2.347,1.0,59,1.137,True,0.371,1.006,2.0,False
NYC-nyc-62758-0-0,nyc,NYC,A,residential,5.06,1.0,61,1.167,True,0.172,1.001,12.0,False
NYC-nyc-10517-0-3,nyc,NYC,C,residential,0.762,1.0,4,0.088,True,0.979,1.0,20.0,True
NYC-nyc-53282-0-0,nyc,NYC,C,residential,0.853,1.0,4,0.094,True,0.875,1.0,20.0,True
NYC-nyc-26803-0-0,nyc,NYC,C,residential,1.158,1.0,6,1.293,True,0.068,0.986,0.0,False
NYC-nyc-49961-0-0,nyc,NYC,C,residential,1.28,1.0,6,1.304,True,0.061,0.986,0.0,False
NYC-nyc-72803-0-0,nyc,NYC,C,residential,1.311,1.0,7,1.291,True,0.07,1.002,0.0,False
NYC-nyc-42824-0-0,nyc,NYC,C,residential,1.311,1.0,7,1.292,True,0.07,1.0,0.0,False
NYC-nyc-182996-0-0,nyc,NYC,C,residential,1.585,1.0,8,1.319,True,0.064,0.999,6.0,False
NYC-nyc-10517-0-3,nyc,NYC,C,residential,0.762,1.0,9,0.042,False,2.086,1.0,0.0,False
NYC-nyc-53282-0-0,nyc,NYC,C,residential,0.853,1.0,10,0.046,False,2.095,1.0,0.0,False
NYC-nyc-26803-0-0,nyc,NYC,C,residential,1.158,1.0,14,1.192,True,0.172,1.004,0.0,False
NYC-nyc-49961-0-0,nyc,NYC,C,residential,1.28,1.0,15,1.226,True,0.162,0.995,0.0,False
NYC-nyc-72803-0-0,nyc,NYC,C,residential,1.311,1.0,16,1.236,True,0.167,1.002,0.0,False
NYC-nyc-42824-0-0,nyc,NYC,C,residential,1.311,1.0,16,1.239,True,0.167,1.001,0.0,False
NYC-nyc-182996-0-0,nyc,NYC,C,residential,1.585,1.0,19,1.266,True,0.16,1.0,4.0,False
SEA-seattle-5432169-0-1,seattle,SEA,A,residential,1.651,1.0,8,1.316,True,0.062,0.997,10.0,False
SEA-seattle-5449903-0-0,seattle,SEA,A,residential,1.829,1.0,9,1.313,True,0.063,1.0,15.0,False
SEA-seattle-5449118-0-0,seattle,SEA,A,residential,1.829,1.0,9,1.316,True,0.063,1.0,15.0,False
SEA-seattle-5438086-0-1,seattle,SEA,A,residential,1.829,1.0,9,1.321,True,0.063,0.999,12.0,False
SEA-seattle-5453813-0-0,seattle,SEA,A,residential,1.829,1.0022,9,1.262,True,0.066,1.0,15.0,False
SEA-seattle-5433778-0-0,seattle,SEA,A,residential,1.829,1.0,9,1.314,True,0.063,0.998,12.0,False
SEA-seattle-5426480-0-0,seattle,SEA,A,residential,1.829,1.0,9,1.315,True,0.063,1.0,15.0,False
SEA-seattle-5452128-0-1,seattle,SEA,A,residential,2.438,1.0,12,1.324,True,0.062,1.003,20.0,True
SEA-seattle-5454776-0-1,seattle,SEA,A,residential,2.591,1.0,13,1.323,True,0.064,1.001,20.0,True
SEA-seattle-5432169-0-1,seattle,SEA,A,residential,1.651,1.0,20,1.25,True,0.164,1.006,6.0,False
SEA-seattle-5449903-0-0,seattle,SEA,A,residential,1.829,1.0,22,1.227,True,0.166,1.0,6.0,False
SEA-seattle-5449118-0-0,seattle,SEA,A,residential,1.829,1.0,22,1.233,True,0.165,0.998,6.0,False
SEA-seattle-5438086-0-1,seattle,SEA,A,residential,1.829,1.0,22,1.241,True,0.163,0.999,5.0,False
SEA-seattle-5453813-0-0,seattle,SEA,A,residential,1.829,1.0022,22,1.195,True,0.171,1.0,10.0,False
SEA-seattle-5433778-0-0,seattle,SEA,A,residential,1.829,1.0,22,1.237,True,0.164,1.002,6.0,False
SEA-seattle-5426480-0-0,seattle,SEA,A,residential,1.829,1.0,22,1.231,True,0.165,1.0,6.0,False
SEA-seattle-5452128-0-1,seattle,SEA,A,residential,2.438,1.0,29,1.264,True,0.157,1.0,12.0,False
SEA-seattle-5454776-0-1,seattle,SEA,A,residential,2.591,1.0,31,1.266,True,0.158,1.003,18.0,False
SEA-seattle-5434873-0-0,seattle,SEA,A,commercial,2.438,1.0,37,1.232,True,0.206,1.0,12.0,False
SEA-seattle-5426595-0-0,seattle,SEA,A,commercial,2.54,1.0,38,1.238,True,0.202,1.002,15.0,False
SEA-seattle-5434873-0-0,seattle,SEA,A,commercial,2.438,1.0,61,1.151,True,0.364,1.007,3.0,False
SEA-seattle-5445989-0-0,seattle,SEA,A,commercial,4.064,1.0,61,1.167,True,0.215,0.998,10.0,False
SEA-seattle-5423808-0-1,seattle,SEA,A,commercial,4.115,1.0,62,1.163,True,0.216,0.999,10.0,False
SEA-seattle-5426595-0-0,seattle,SEA,A,commercial,2.54,1.0,64,1.148,True,0.367,1.008,3.0,False
SEA-seattle-5445989-0-0,seattle,SEA,A,commercial,4.064,1.0,102,0.962,True,0.435,0.986,5.0,False
SEA-seattle-5423808-0-1,seattle,SEA,A,commercial,4.115,1.0,103,0.95,True,0.439,0.993,5.0,False
SEA-seattle-5439807-0-1,seattle,SEA,C,residential,1.524,1.0,8,1.314,True,0.067,0.998,0.0,False
SEA-seattle-5455466-0-0,seattle,SEA,C,residential,1.524,1.0,8,1.314,True,0.067,0.998,0.0,False
SEA-seattle-5442697-0-2,seattle,SEA,C,residential,1.524,1.0,8,1.314,True,0.067,0.999,0.0,False
SEA-seattle-5455998-0-0,seattle,SEA,C,residential,1.524,1.0288,8,1.328,True,0.066,1.005,0.0,False
SEA-seattle-5457277-0-2,seattle,SEA,C,residential,1.524,1.0,8,1.314,True,0.067,1.001,0.0,False
SEA-seattle-5441957-0-1,seattle,SEA,C,commercial,1.168,1.0,18,1.161,True,0.225,1.0,0.0,False
SEA-seattle-5439807-0-1,seattle,SEA,C,residential,1.524,1.0,18,1.265,True,0.158,1.004,0.0,False
SEA-seattle-5455466-0-0,seattle,SEA,C,residential,1.524,1.0,18,1.267,True,0.158,1.003,0.0,False
SEA-seattle-5442697-0-2,seattle,SEA,C,residential,1.524,1.0,18,1.265,True,0.158,1.005,0.0,False
SEA-seattle-5455998-0-0,seattle,SEA,C,residential,1.524,1.0288,18,1.325,True,0.149,1.02,0.0,False
SEA-seattle-5457277-0-2,seattle,SEA,C,residential,1.524,1.0,18,1.265,True,0.158,1.004,0.0,False
SEA-seattle-5451525-0-0,seattle,SEA,C,commercial,1.524,1.0814,23,0.879,True,0.306,1.01,0.0,False
SEA-seattle-5441957-0-1,seattle,SEA,C,commercial,1.168,1.0,29,1.046,True,0.402,0.997,0.0,False
SEA-seattle-5451525-0-0,seattle,SEA,C,commercial,1.524,1.0814,38,0.845,True,0.528,1.014,0.0,False
TPE-taipei-idx12521-0-5,taipei,TPE,A,residential,1.75,1.0,9,1.317,True,0.066,1.002,10.0,False
TPE-taipei-idx1592-0-2,taipei,TPE,A,residential,1.96,1.0,10,1.311,True,0.066,1.004,15.0,False
TPE-taipei-idx14193-0-0,taipei,TPE,A,residential,1.99,1.0,10,1.314,True,0.064,1.008,15.0,False
TPE-taipei-idx326-0-1,taipei,TPE,A,residential,2.05,1.0,10,1.314,True,0.062,1.006,15.0,False
TPE-taipei-idx674-0-1,taipei,TPE,A,residential,2.06,1.0,10,1.315,True,0.062,1.009,15.0,False
TPE-taipei-idx15074-0-0,taipei,TPE,A,residential,2.36,1.0,12,1.323,True,0.064,1.003,20.0,True
TPE-taipei-idx4344-0-0,taipei,TPE,A,residential,3.54,1.0,18,1.321,True,0.064,1.005,20.0,True
TPE-taipei-idx9453-0-1,taipei,TPE,A,residential,3.55,1.0,18,1.323,True,0.064,1.004,20.0,True
TPE-taipei-idx12521-0-5,taipei,TPE,A,residential,1.75,1.0,21,1.246,True,0.163,0.997,6.0,False
TPE-taipei-idx1592-0-2,taipei,TPE,A,residential,1.96,1.0,24,1.225,True,0.169,0.996,8.0,False
TPE-taipei-idx14193-0-0,taipei,TPE,A,residential,1.99,1.0,24,1.231,True,0.165,0.994,6.0,False
TPE-taipei-idx326-0-1,taipei,TPE,A,residential,2.05,1.0,25,1.236,True,0.166,1.001,10.0,False
TPE-taipei-idx674-0-1,taipei,TPE,A,residential,2.06,1.0,25,1.238,True,0.165,1.003,8.0,False
TPE-taipei-idx15074-0-0,taipei,TPE,A,residential,2.36,1.0,28,1.264,True,0.157,0.999,12.0,False
TPE-taipei-idx9590-0-0,taipei,TPE,A,commercial,2.04,1.0,31,1.195,True,0.215,1.004,6.0,False
TPE-taipei-idx15608-0-1,taipei,TPE,A,commercial,2.48,1.0,37,1.237,True,0.202,0.996,12.0,False
TPE-taipei-idx11047-0-0,taipei,TPE,A,commercial,2.69,1.0,40,1.235,True,0.201,1.001,15.0,False
TPE-taipei-idx4344-0-0,taipei,TPE,A,residential,3.54,1.0,42,1.233,True,0.161,1.003,15.0,False
TPE-taipei-idx9453-0-1,taipei,TPE,A,residential,3.55,1.0,43,1.229,True,0.165,0.999,15.0,False
TPE-taipei-idx813-0-1,taipei,TPE,A,commercial,2.99,1.0,45,1.218,True,0.207,0.998,12.0,False
TPE-taipei-idx9590-0-0,taipei,TPE,A,commercial,2.04,1.0,51,1.046,True,0.405,1.005,0.0,False
TPE-taipei-idx15608-0-1,taipei,TPE,A,commercial,2.48,1.0,62,1.152,True,0.363,1.006,3.0,False
TPE-taipei-idx11047-0-0,taipei,TPE,A,commercial,2.69,1.0,67,1.135,True,0.367,1.002,3.0,False
TPE-taipei-idx813-0-1,taipei,TPE,A,commercial,2.99,1.0,75,1.064,True,0.394,1.001,2.0,False
TPE-taipei-idx16266-0-0,taipei,TPE,A,MRT-frontage,3.19,1.0,96,0.882,True,0.568,0.977,0.0,False
TPE-taipei-idx16266-0-0,taipei,TPE,A,MRT-frontage,3.19,1.0,144,0.248,False,1.642,3.931,0.0,False
TPE-taipei-idx9524-0-2,taipei,TPE,C,residential,1.19,1.0,6,1.3,True,0.065,0.985,0.0,False
TPE-taipei-idx5185-0-1,taipei,TPE,C,residential,1.2,1.0,6,1.3,True,0.065,0.983,0.0,False
TPE-taipei-idx9524-0-2,taipei,TPE,C,residential,1.19,1.0,14,1.214,True,0.164,1.01,0.0,False
TPE-taipei-idx5185-0-1,taipei,TPE,C,residential,1.2,1.0,14,1.215,True,0.163,1.01,0.0,False
TPE-taipei-idx5150-0-0,taipei,TPE,C,commercial,1.2,1.0,18,1.174,True,0.217,1.002,0.0,False
TPE-taipei-idx5349-0-1,taipei,TPE,C,commercial,1.2,1.0,18,1.175,True,0.217,1.003,0.0,False
TPE-taipei-idx5283-0-0,taipei,TPE,C,commercial,1.2,1.0,18,1.174,True,0.217,1.002,0.0,False
TPE-taipei-idx2314-0-0,taipei,TPE,C,commercial,1.27,1.0,19,1.195,True,0.213,1.0,0.0,False
TPE-taipei-idx12764-0-0,taipei,TPE,C,commercial,1.48,1.0,22,1.233,True,0.203,0.999,0.0,False
TPE-taipei-idx5150-0-0,taipei,TPE,C,commercial,1.2,1.0,30,1.058,True,0.4,0.996,0.0,False
TPE-taipei-idx5349-0-1,taipei,TPE,C,commercial,1.2,1.0,30,1.06,True,0.4,0.993,0.0,False
TPE-taipei-idx5283-0-0,taipei,TPE,C,commercial,1.2,1.0,30,1.058,True,0.401,0.996,0.0,False
TPE-taipei-idx2314-0-0,taipei,TPE,C,commercial,1.27,1.0,32,1.082,True,0.395,0.996,0.0,False
TPE-taipei-idx12764-0-0,taipei,TPE,C,commercial,1.48,1.0,37,1.096,True,0.386,0.999,0.0,False
TAO-taoyuan-idx10181-0-0,taoyuan,TAO,A,residential,1.8,1.0,9,1.318,True,0.064,1.0,12.0,False
TAO-taoyuan-idx5160-0-0,taoyuan,TAO,A,residential,1.87,1.0,9,1.316,True,0.062,1.001,15.0,False
TAO-taoyuan-idx718-0-1,taoyuan,TAO,A,residential,1.97,1.0,10,1.317,True,0.065,1.007,15.0,False
TAO-taoyuan-idx3430-0-3,taoyuan,TAO,A,residential,2.04,1.0,10,1.317,True,0.063,1.005,15.0,False
TAO-taoyuan-idx7044-0-7,taoyuan,TAO,A,residential,2.23,1.0,11,1.324,True,0.063,1.005,18.0,False
TAO-taoyuan-idx6720-0-3,taoyuan,TAO,A,residential,2.3,1.0,12,1.322,True,0.066,1.0,18.0,False
TAO-taoyuan-idx3410-0-9,taoyuan,TAO,A,residential,2.4,1.0,12,1.324,True,0.063,1.001,20.0,True
TAO-taoyuan-idx5379-0-4,taoyuan,TAO,A,residential,2.6,1.0,13,1.324,True,0.063,1.003,20.0,True
TAO-taoyuan-idx158-0-0,taoyuan,TAO,A,residential,3.0,1.0,15,1.322,True,0.063,0.987,20.0,True
TAO-taoyuan-idx9038-0-2,taoyuan,TAO,A,residential,3.07,1.0,15,1.324,True,0.062,0.988,20.0,True
TAO-taoyuan-idx10181-0-0,taoyuan,TAO,A,residential,1.8,1.0,22,1.225,True,0.169,0.996,6.0,False
TAO-taoyuan-idx5160-0-0,taoyuan,TAO,A,residential,1.87,1.0,22,1.235,True,0.161,0.997,8.0,False
TAO-taoyuan-idx718-0-1,taoyuan,TAO,A,residential,1.97,1.0,24,1.235,True,0.166,0.997,8.0,False
TAO-taoyuan-idx3430-0-3,taoyuan,TAO,A,residential,2.04,1.0,24,1.239,True,0.16,0.996,10.0,False
TAO-taoyuan-idx7044-0-7,taoyuan,TAO,A,residential,2.23,1.0,27,1.255,True,0.162,1.003,12.0,False
TAO-taoyuan-idx6720-0-3,taoyuan,TAO,A,residential,2.3,1.0,28,1.26,True,0.162,0.997,12.0,False
TAO-taoyuan-idx3410-0-9,taoyuan,TAO,A,residential,2.4,1.0,29,1.26,True,0.16,0.999,15.0,False
TAO-taoyuan-idx5379-0-4,taoyuan,TAO,A,residential,2.6,1.0,31,1.263,True,0.158,1.004,18.0,False
TAO-taoyuan-idx578-0-8,taoyuan,TAO,A,commercial,2.28,1.0,34,1.224,True,0.204,0.995,12.0,False
TAO-taoyuan-idx531-0-1,taoyuan,TAO,A,residential,6.92,1.0,35,1.257,True,0.067,0.998,18.0,False
TAO-taoyuan-idx158-0-0,taoyuan,TAO,A,residential,3.0,1.0,36,1.254,True,0.16,1.004,15.0,False
TAO-taoyuan-idx9038-0-2,taoyuan,TAO,A,residential,3.07,1.0,37,1.25,True,0.161,0.997,15.0,False
TAO-taoyuan-idx578-0-8,taoyuan,TAO,A,commercial,2.28,1.0,57,1.124,True,0.373,1.008,4.0,False
TAO-taoyuan-idx6656-0-0,taoyuan,TAO,A,commercial,5.0,1.0,75,0.0,False,99.0,0.0,0.0,False
TAO-taoyuan-idx531-0-1,taoyuan,TAO,A,residential,6.92,1.0,83,1.001,True,0.198,0.992,20.0,True
TAO-taoyuan-idx6656-0-0,taoyuan,TAO,A,commercial,5.0,1.0,125,0.0,False,99.0,0.0,0.0,False
TAO-taoyuan-idx8762-0-0,taoyuan,TAO,C,residential,0.43,1.0,2,0.0,True,0.0,1.0,0.0,False
TAO-taoyuan-idx2361-0-3,taoyuan,TAO,C,residential,0.51,1.0,2,0.0,True,0.0,1.0,0.0,False
TAO-taoyuan-idx8762-0-0,taoyuan,TAO,C,residential,0.43,1.0,5,0.0,True,0.0,1.0,0.0,False
TAO-taoyuan-idx2361-0-3,taoyuan,TAO,C,residential,0.51,1.0,6,0.0,True,0.0,1.0,0.0,False
TAO-taoyuan-idx6197-0-0,taoyuan,TAO,C,residential,1.2,1.0,6,1.3,True,0.065,0.988,0.0,False
TAO-taoyuan-idx3665-0-0,taoyuan,TAO,C,residential,1.2,1.0,6,1.301,True,0.065,0.989,0.0,False
TAO-taoyuan-idx9342-0-2,taoyuan,TAO,C,residential,1.34,1.0,7,1.297,True,0.068,1.0,0.0,False
TAO-taoyuan-idx1898-0-4,taoyuan,TAO,C,residential,1.46,1.0,7,1.311,True,0.061,1.001,0.0,False
TAO-taoyuan-idx6197-0-0,taoyuan,TAO,C,residential,1.2,1.0,14,1.215,True,0.162,1.007,0.0,False
TAO-taoyuan-idx3665-0-0,taoyuan,TAO,C,residential,1.2,1.0,14,1.215,True,0.162,1.008,0.0,False
TAO-taoyuan-idx9342-0-2,taoyuan,TAO,C,residential,1.34,1.0,16,1.258,True,0.161,0.998,0.0,False
TAO-taoyuan-idx373-0-1,taoyuan,TAO,C,commercial,1.2,1.0,18,1.175,True,0.216,1.003,0.0,False
TAO-taoyuan-idx1898-0-4,taoyuan,TAO,C,residential,1.46,1.0,18,1.267,True,0.165,1.002,0.0,False
TAO-taoyuan-idx373-0-1,taoyuan,TAO,C,commercial,1.2,1.0,30,1.06,True,0.4,0.997,0.0,False
