W,qp,qr,pass_frac,mean_Rv,mean_speed,mean_density,mean_flow_ratio
1.5,10,1,0.0,0.19661495873412554,0.25778464365469606,0.46588611111111133,2.6619573890162127
1.5,10,2,0.0,0.18029599904432417,0.23638862559210577,0.4697328703703693,2.068015873015873
1.5,10,3,0.0,0.1235398216828562,0.1619748014836691,0.5797449074074079,1.0583333333333333
1.5,10,4,0.0,0.1185754498960435,0.15546594366190247,0.4490129629629623,1.2333333333333334
1.5,10,5,0.0,0.10520283091950519,0.13793291443670228,0.4567356481481504,1.1
1.5,10,6,0.0,0.08066183768078894,0.10575687229979873,0.535961111111115,1.0
1.5,10,8,0.0,0.07391176784267434,0.0969067605938237,0.4612810185185215,1.0
1.5,10,10,0.0,0.064566245245369,0.08465371419275591,0.4019166666666621,1.0
1.5,20,1,0.0,0.14478430892238434,0.1809470458928853,0.9907800925925939,1.48564627039627
1.5,20,2,0.0,0.1982620803782346,0.24778194559916772,0.8071796296296277,5.451666666666667
1.5,20,3,0.0,0.1585183356781867,0.19811141672956561,0.702688888888888,1.4
1.5,20,4,0.0,0.19418535600096293,0.2426869788967865,0.6036333333333317,1.0
1.5,20,5,0.0,0.10236286542523028,0.1279300101349778,1.0639879629629678,1.0
1.5,20,6,0.0,0.054187114208420595,0.06772141480283157,1.5129060185185208,1.0
1.5,20,8,0.0,0.0445288644820496,0.055650826701882976,1.4909717592592662,1.0
1.5,20,10,0.0,0.040269217333462635,0.05032724865796623,1.4596958333333303,1.0
1.5,30,1,0.0,0.16454362644598142,0.18954644739042928,1.3321865740740677,3.4769514728566455
1.5,30,2,0.0,0.1569605873415949,0.18081114628090236,1.152515277777774,1.1666666666666667
1.5,30,3,0.0,0.16724662877799437,0.1926601777754181,0.8515226851851845,1.6
1.5,30,4,0.0,0.13350366650106676,0.15378988688559977,1.1696569444444465,1.0
1.5,30,5,0.0,0.09223647175537128,0.10625203733915445,1.2675027777777748,1.0
1.5,30,6,0.0,0.07469925051504328,0.08604999089710988,1.4382041666666627,1.0
1.5,30,8,0.0,0.035239809134490666,0.04059458741996528,2.010135648148144,1.0
1.5,30,10,0.0,0.034597409345654605,0.03985457335556023,1.9932995370370419,1.0
1.5,40,1,0.0,0.12804931551754958,0.13665120269747874,1.8298939814814876,1.4166666666666667
1.5,40,2,0.0,0.1287743578326514,0.13742495071764405,1.5847930555555536,1.0
1.5,40,3,0.0,0.14771582960415677,0.1576388416547011,1.1543930555555548,1.0
1.5,40,4,0.0,0.13658091397760136,0.14575592290457934,1.178210648148138,1.0
1.5,40,5,0.0,0.08695885726878129,0.09280043694844074,1.4590634259259252,1.0
1.5,40,6,0.0,0.074611501160559,0.07962363037588714,1.5787597222222196,1.0
1.5,40,8,0.0,0.044299986534689695,0.04727589846911589,1.9980921296296315,1.0
1.5,40,10,0.0,0.03644182561445424,0.03888985488582685,2.1406476851851823,1.0
1.5,50,1,0.0,0.11944914285510201,0.10970413692701533,1.9505226851851802,1.0
1.5,50,2,0.0,0.13500112722654561,0.12398734551429888,1.5738796296296187,1.0
1.5,50,3,0.0,0.13132912528871743,0.12061491609576026,1.638731481481473,1.0
1.5,50,4,0.0,0.1221745268850836,0.1122071762595494,1.6767768518518615,1.2666666666666666
1.5,50,5,0.0,0.08726352424965356,0.08014431400843677,1.8761879629629503,1.0
1.5,50,6,0.0,0.061668372836664063,0.05663728894184077,2.1367912037036905,1.0
1.5,50,8,0.0,0.05266126060457619,0.048365002929503284,1.953825925925936,1.0
1.5,50,10,0.0,0.046365504373239365,0.04258287266759337,2.2363861111111016,1.0
1.6,10,1,1.0,0.9900487406872046,1.2953349602173891,0.08157204861111107,1.0033333333333334
1.6,10,2,1.0,0.9781858768433808,1.279814126107204,0.08270920138888885,1.0033333333333334
1.6,10,3,1.0,0.9661711068076192,1.264094544811144,0.08372569444444442,1.0058333333333336
1.6,10,4,0.9666666666666667,0.9482142379865495,1.240600590418733,0.08554774305555553,1.0041666666666667
1.6,10,5,1.0,0.9472180941246965,1.2392972808778628,0.08544835069444441,1.005
1.6,10,6,0.9,0.9250701012500832,1.2103198494746181,0.08763020833333329,1.0041666666666667
1.6,10,8,0.5333333333333333,0.8996390566582747,1.1770470218037787,0.09011284722222221,1.0025000000000002
1.6,10,10,0.23333333333333334,0.8829444494169121,1.1552045533291204,0.09185980902777774,0.995
1.6,20,1,1.0,0.9857305916918935,1.2316195950156579,0.17183246527777782,1.0045833333333334
1.6,20,2,1.0,0.9692083018205769,1.2109758449570185,0.17493012152777773,0.9991666666666668
1.6,20,3,1.0,0.9476155388576099,1.1839967999726553,0.17933203124999997,1.005
1.6,20,4,0.9666666666666667,0.9278695890198682,1.1593252528508222,0.18327213541666657,0.9974999999999999
1.6,20,5,0.8,0.9194292875628904,1.1487795309772515,0.18534592013888887,0.99625
1.6,20,6,0.3,0.889742902215927,1.1116879217620492,0.19185503472222218,0.9975
1.6,20,8,0.0,0.8487756891248268,1.0605014994054305,0.20158767361111105,0.99875
1.6,20,10,0.0,0.8236153136513514,1.0290649063725448,0.20747135416666662,0.9954166666666667
1.6,30,1,1.0,0.9815263055799481,1.1271483066252406,0.2825355902777778,0.9974999999999999
1.6,30,2,1.0,0.9553834341297959,1.0971268052983356,0.2911124131944444,0.9983333333333334
1.6,30,3,0.8,0.923205544342411,1.0601749133536829,0.3021888020833334,0.9913888888888891
1.6,30,4,0.4,0.8955593344350424,1.028427034051269,0.31192838541666656,0.9958333333333335
1.6,30,5,0.03333333333333333,0.8536732379407809,0.9803265985700695,0.3261141493055556,1.0003703703703704
1.6,30,6,0.03333333333333333,0.8195359521065013,0.9411246090745817,0.34215190972222226,1.012733097657976
1.6,30,8,0.0,0.7755876993785962,0.890656070065709,0.36277604166666677,0.9966510172143975
1.6,30,10,0.0,0.724922371600606,0.8324738918755568,0.4008884548611111,1.1125
1.6,40,1,0.7333333333333333,0.8820421133474772,0.9377008951865591,0.5399917534722223,1.5825661375661373
1.6,40,2,0.5,0.8777448229466439,0.9331324363853742,0.4724700520833334,1.0104545454545455
1.6,40,3,0.1,0.7306503236561521,0.7767559532509737,0.6009848090277778,1.1459105141555497
1.6,40,4,0.0,0.7437396270695831,0.7906712202687373,0.5605577256944445,1.4573928117170436
1.6,40,5,0.0,0.7433837570672399,0.7902928940927899,0.5769014756944445,1.0444748050303605
1.6,40,6,0.0,0.7390986755513318,0.7857374145838071,0.5471063368055555,1.0114395206243032
1.6,40,8,0.0,0.6212103611279552,0.6604100903052594,0.6556423611111112,1.004610104577293
1.6,40,10,0.0,0.6796267249049376,0.7225126540925293,0.5788441840277778,1.1562238588674774
1.6,50,1,0.23333333333333334,0.5877838142865769,0.5520818018258714,1.0040104166666666,1.7272325113786884
1.6,50,2,0.0,0.44181466814416936,0.41497882747620046,1.074033420138889,2.4496645167146323
1.6,50,3,0.06666666666666667,0.5528533119129392,0.5192729795677639,0.9535099826388891,2.3910897407595773
1.6,50,4,0.0,0.4959290174083394,0.46580626899508437,0.8644366319444445,2.82689101834959
1.6,50,5,0.0,0.5295048772938404,0.49734272980413075,0.8412204861111109,1.731073586196642
1.6,50,6,0.0,0.48362861585816597,0.4542529943285407,0.8835920138888889,1.8707791802658802
1.6,50,8,0.0,0.5424296160340214,0.5094824193947134,0.6965104166666667,4.23381290973911
1.6,50,10,0.0,0.46031292749538005,0.43235350181229826,0.7927903645833335,3.8352901788734814
1.7,10,1,1.0,0.9927456047639728,1.3013118499218217,0.07635580065359773,1.0050000000000001
1.7,10,2,1.0,0.9838311230119186,1.2896265594665515,0.07707271241830366,1.0025000000000002
1.7,10,3,1.0,0.9758036573359045,1.2791039883678645,0.07775326797385922,1.0058333333333334
1.7,10,4,1.0,0.963991008323901,1.2636197192212466,0.07881331699346708,1.0041666666666667
1.7,10,5,1.0,0.9589465093882196,1.2570072837590105,0.0792471405228789,1.0016666666666667
1.7,10,6,0.9666666666666667,0.9478480863860299,1.2424592371105159,0.0800698529411795,1.0025
1.7,10,8,0.9,0.9317509651457734,1.2213587915189643,0.08138153594771554,1.0041666666666667
1.7,10,10,0.6666666666666666,0.9127291332619906,1.1964245736097625,0.08324346405229076,0.9999999999999999
1.7,10,12,0.23333333333333334,0.8891276166220675,1.1654872084557149,0.08542687908497056,0.9983333333333333
1.7,10,15,0.1,0.8657445100713913,1.1348361398472429,0.08759313725490524,1.0041666666666667
1.7,10,18,0.0,0.8202009297415757,1.0751366554207706,0.09264869281046091,0.9966666666666667
1.7,10,20,0.0,0.8007488765415773,1.04963849434809,0.09488562091503622,1.0025
1.7,20,1,1.0,0.9846851496989679,1.2316295980226004,0.16172058823529514,1.0029166666666667
1.7,20,2,1.0,0.9746357505688957,1.219059958463475,0.16361192810457606,1.00375
1.7,20,3,1.0,0.9630258595865615,1.204538478812817,0.16552165032679841,1.0029166666666667
1.7,20,4,1.0,0.9478297561573897,1.1855314177601524,0.16843423202614474,1.0066666666666666
1.7,20,5,0.9666666666666667,0.9384780349826459,1.173834423452083,0.17063684640522964,0.9954166666666668
1.7,20,6,0.8,0.9154316096806171,1.1450082960962746,0.17489133986928204,1.0016666666666667
1.7,20,8,0.3,0.8915071832913889,1.1150839779873902,0.17960130718954315,0.9983333333333333
1.7,20,10,0.03333333333333333,0.8597932423335819,1.0754166504507483,0.1866213235294125,0.9966666666666667
1.7,30,1,1.0,0.9913029920337095,1.1410110908892899,0.2634816176470592,0.9963888888888889
1.7,30,2,1.0,0.974590161291456,1.121774262805129,0.267727941176471,0.9977777777777778
1.7,30,3,0.9,0.9189263491982212,1.0577040164022022,0.29375612745098056,1.0136111111111112
1.7,30,4,0.8666666666666667,0.9297401136183229,1.0701508921170497,0.28203594771241863,0.9947979797979798
1.7,30,5,0.6,0.9080269503377244,1.0451585736023785,0.28943300653594867,0.9877777777777778
1.7,30,6,0.3333333333333333,0.8927808181635474,1.0276099471544635,0.2947687908496735,0.995
1.7,30,8,0.0,0.8143575346453172,0.9373430590311067,0.34679697712418406,1.0718010215966192
1.7,30,10,0.0,0.809636306101358,0.9319088233084554,0.3260196078431399,0.9933333333333334
1.7,40,1,0.8333333333333334,0.9095677314894928,0.9513764583151367,0.5016384803921603,1.530543203776899
1.7,40,2,0.8333333333333334,0.8899673936459398,0.9308751813306915,0.47877859477124424,1.1655523189255597
1.7,40,3,0.6666666666666666,0.8350442768655774,0.8734274965534821,0.527858660130724,1.0734068815523174
1.7,40,4,0.43333333333333335,0.8348291968201006,0.8732025302482407,0.46409027777778106,1.087387444111766
1.7,40,5,0.3,0.7073346338767077,0.7398476171964219,0.6305077614379102,1.57117248311793
1.7,40,6,0.06666666666666667,0.7188556073269975,0.7518981578411853,0.6239244281045789,1.1250556602647233
1.7,40,8,0.0,0.6531682074290732,0.6831914043941616,0.6814603758169948,1.1138228015150227
1.7,40,10,0.0,0.6229135940182337,0.651546122841173,0.6206196895424809,1.1674564383224495
1.7,50,1,0.3,0.6631896834828265,0.5752589997225402,0.9373039215686247,1.943781302915225
1.7,50,2,0.26666666666666666,0.573471409564656,0.4974362503698114,0.9770232843137237,1.5444305573993298
1.7,50,3,0.16666666666666666,0.4780534560266404,0.4146695278544843,1.0617091503267988,2.3004323231732027
1.7,50,4,0.23333333333333334,0.5829678752261618,0.505673603081102,0.9321768790849667,5.495873360414974
1.7,50,5,0.2,0.4507611908811347,0.3909958768029258,1.1761993464052312,3.698070899659012
1.7,50,6,0.0,0.4456989182561069,0.38660479841445794,1.0243488562091556,2.2702246164282958
1.7,50,8,0.0,0.532913748779651,0.46225602975518804,0.8395661764705886,2.330142602406869
1.7,50,10,0.0,0.4910745582128406,0.4259641942304465,0.7305604575163419,4.7963750967335015
1.8,10,1,1.0,0.9932553243716865,1.3011789107782747,0.07208333333333279,1.0041666666666667
1.8,10,2,1.0,0.9854898564093096,1.2910060348851997,0.07269560185185134,1.0058333333333331
1.8,10,3,1.0,0.9799911207333102,1.283802611231689,0.07303395061728343,1.0058333333333334
1.8,10,4,1.0,0.9727336113424436,1.2742951684499002,0.07359683641975255,1.0058333333333331
1.8,10,5,1.0,0.9686892806365515,1.2689970364453738,0.07401736111111064,1.0108333333333333
1.8,10,6,0.9666666666666667,0.9605077937699507,1.2582791697413975,0.07451736111111074,1.0066666666666666
1.8,10,8,0.9666666666666667,0.9455546887578062,1.2386903848488895,0.07559104938271562,1.0050000000000001
1.8,10,10,0.9,0.9321830011520692,1.2211732797429022,0.0769749228395059,1.0025000000000002
1.8,10,12,0.7666666666666667,0.916156271994253,1.2001780316156423,0.07811342592592588,1.0016666666666665
1.8,10,15,0.3,0.8901019599307222,1.166046504142233,0.08045756172839526,1.0033333333333332
1.8,10,18,0.1,0.8540411188634185,1.1188062782402128,0.08372299382716057,1.0058333333333331
1.8,10,20,0.0,0.8231332203204649,1.0783164819373277,0.08707368827160553,1.0075
1.8,20,1,1.0,0.9895308628864399,1.2382243910225916,0.15204861111111415,1.0054166666666666
1.8,20,2,1.0,0.9749686946447635,1.2200023904975938,0.15438233024691692,1.0041666666666669
1.8,20,3,1.0,0.9662195056894455,1.2090543144218873,0.15583063271605282,1.005
1.8,20,4,0.9666666666666667,0.9378706575215678,1.1735807010406232,0.16327199074074425,1.0102651515151515
1.8,20,5,1.0,0.9496111614937196,1.1882718834245771,0.1588190586419791,1.0025
1.8,20,6,0.8666666666666667,0.9329982458854125,1.1674837321058784,0.16156983024691787,1.0016666666666667
1.8,20,8,0.7333333333333333,0.8853524454932681,1.1078633661445214,0.18633101851852243,1.1087500000000001
1.8,20,10,0.26666666666666666,0.8548541965061972,1.0697001544695308,0.18968981481481972,1.138891242937853
1.8,30,1,1.0,0.9929966387218084,1.1501456313924987,0.24604745370370426,0.9958333333333332
1.8,30,2,1.0,0.9748398004465684,1.1291153404450407,0.25111381172839503,0.9969444444444446
1.8,30,3,0.9666666666666667,0.9542461424815949,1.1052625852400544,0.25736882716049303,0.9975
1.8,30,4,0.9333333333333333,0.937007925419357,1.0852962940422821,0.2619629629629624,0.9938888888888889
1.8,30,5,0.7666666666666667,0.875596503281222,1.0141660644569186,0.29581095679012254,1.0328082318198597
1.8,30,6,0.4666666666666667,0.8740197167565972,1.0123397399133933,0.2809606481481471,1.0276731859137103
1.8,30,8,0.1,0.760594000689631,0.8809635733335034,0.3694826388888891,1.3828200733200733
1.8,30,10,0.0,0.7534253166658618,0.8726603925459184,0.35708449074074006,1.0357791106901915
1.8,40,1,1.0,0.9885934930840539,1.0603331669437173,0.3558051697530868,0.9995833333333334
1.8,40,2,0.8333333333333334,0.9253743883515346,0.9925264152289563,0.37630787037036995,1.4621496780115601
1.8,40,3,0.5,0.6990970841497227,0.7498287520840154,0.586111882716049,1.5817609225201168
1.8,40,4,0.23333333333333334,0.7046377714434928,0.755771512729668,0.5650902777777783,1.4239166391471583
1.8,40,5,0.1,0.5102287033941686,0.5472546812418949,0.7996400462962956,4.005130193557122
1.8,40,6,0.0,0.5315954967130695,0.570172007509726,0.7816871141975315,1.436173232940879
1.8,40,8,0.0,0.5076512112997786,0.5444901472101252,0.7577962962962954,2.1229573161216226
1.8,40,10,0.0,0.5085645434922965,0.5454697575585031,0.7193719135802489,2.263048229407926
1.8,50,1,0.6666666666666666,0.8081654710473083,0.7785759631390687,0.6684486882716036,1.1156008849446868
1.8,50,2,0.26666666666666666,0.5117620859055454,0.4930248485073482,1.00697685185185,2.8547975136824473
1.8,50,3,0.06666666666666667,0.48259775098288604,0.46492831263048845,0.9741033950617292,1.690776457849087
1.8,50,4,0.0,0.32083225791282705,0.30908556868539994,1.284516203703717,2.742314128965602
1.8,50,5,0.0,0.2697005110337794,0.2598259176615229,1.3379837962962964,3.1431753405471494
1.8,50,6,0.0,0.1814757710729322,0.1748313659904462,1.4887908950617263,4.5277211528135535
1.8,50,8,0.0,0.24783778434948064,0.23876365492587867,1.3095408950617293,2.7289109010881663
1.8,50,10,0.0,0.29586417006062066,0.28503164192943425,1.0173657407407406,4.033468997909156
1.8,60,1,0.23333333333333334,0.5782173120849625,0.4655411890861295,1.0891087962962966,3.052597509064103
1.8,60,2,0.0,0.3775801340899751,0.30400180161627277,1.3475015432098725,2.704296729517183
1.8,60,3,0.03333333333333333,0.4286923744301968,0.3451538955565982,1.1644286265432062,3.034266395212042
1.8,60,4,0.0,0.22128078360085868,0.17816021237412782,1.5029012345678971,2.82881306152963
1.8,60,5,0.0,0.20787959703302472,0.16737048989512018,1.5175713734567922,2.1543723253076945
1.8,60,6,0.03333333333333333,0.28984175710988436,0.2333608375805977,1.4150887345679002,3.032311248250988
1.8,60,8,0.03333333333333333,0.34089275938463226,0.2744636268023992,1.1499166666666656,3.8305392623398054
1.8,60,10,0.0,0.35117367871011196,0.2827411226636423,1.0274606481481487,3.1912440796110206
2.1,10,1,1.0,0.9969279327509111,1.310652664574395,0.06116468253968365,1.01
2.1,10,2,1.0,0.9943004406142857,1.3071983230348678,0.06129497354497466,1.0074999999999998
2.1,10,3,1.0,0.9924656642970455,1.3047861582332927,0.061398478835979965,1.0083333333333335
2.1,10,4,1.0,0.9886369888114249,1.299752631172643,0.06158664021164128,1.0058333333333331
2.1,10,5,1.0,0.9820099589540824,1.2910401314468376,0.06208068783068884,1.0050000000000001
2.1,10,6,1.0,0.980694036382471,1.2893100992467197,0.06207076719576825,1.0066666666666666
2.1,10,8,1.0,0.9731429088821097,1.2793826962181176,0.06250992063492168,1.0074999999999998
2.1,10,10,1.0,0.9596858991072236,1.2616908800504336,0.06353406084656192,1.0041666666666667
2.1,10,12,0.9,0.9454739724144995,1.2430065810388131,0.0643452380952391,1.005
2.1,10,15,0.8333333333333334,0.9282090604082315,1.2203085482309477,0.0655869708994719,1.0041666666666667
2.1,10,18,0.6,0.8998463741478739,1.183020366106239,0.06761574074074186,0.9983333333333334
2.1,10,20,0.26666666666666666,0.876818812044659,1.1527462262835644,0.06953207671957791,1.0100000000000002
2.1,20,1,1.0,0.9938207923260155,1.2666220940509034,0.1265221560846558,1.0025
2.1,20,2,1.0,0.9870545297832715,1.2579985095002824,0.12742757936507892,1.0025000000000002
2.1,20,3,1.0,0.9822685824775453,1.2518988317261757,0.12797387566137514,1.0029166666666667
2.1,20,4,1.0,0.9747861132516533,1.242362443563689,0.12893088624338603,1.0054166666666666
2.1,20,5,1.0,0.968412247058998,1.234238967171888,0.12972089947089915,0.9987499999999999
2.1,20,6,1.0,0.9598438485683408,1.2233185648994647,0.13095370370370327,1.0016666666666667
2.1,20,8,1.0,0.9460851675694022,1.2057831606567475,0.13269543650793603,1.0033333333333332
2.1,20,10,0.9666666666666667,0.928808114617752,1.1837636002313416,0.1351359126984126,1.00375
2.1,20,12,0.6666666666666666,0.9067015575039359,1.1555888489281185,0.13852546296296336,0.9991666666666668
2.1,20,15,0.1,0.822774860812892,1.0486244856038371,0.16771759259259417,1.0552777777777775
2.1,20,18,0.0,0.7850697087091116,1.0005693643153992,0.1687023809523832,1.0854545454545452
2.1,20,20,0.0,0.8000572873858565,1.019670995550001,0.15305588624338848,1.0787936849656927
2.1,30,1,1.0,0.9946115684748612,1.2021341231420977,0.20057341269841852,0.9991666666666666
2.1,30,2,1.0,0.9869696123414151,1.1928976970570306,0.20187731481482077,1.0000000000000002
2.1,30,3,1.0,0.9813779515867431,1.1861393539899647,0.20288392857143425,0.9988888888888889
2.1,30,4,1.0,0.9744042893806205,1.1777106592442346,0.20435945767196348,1.0002777777777778
2.1,30,5,0.9666666666666667,0.9582487898285652,1.1581843658614692,0.20814451058201577,1.0005555555555554
2.1,30,6,0.9666666666666667,0.9467654985292678,1.1443051221904612,0.21064748677249145,0.9972222222222222
2.1,30,8,0.9,0.9176887053903449,1.109161548224755,0.21552017195767617,1.0409722222222224
2.1,30,10,0.36666666666666664,0.8829948711875426,1.0672289553616174,0.23197255291005597,1.0457066276803118
2.1,40,1,0.9333333333333333,0.9625737027694169,1.103565726272446,0.3145965608465626,1.0265129056047197
2.1,40,2,0.9,0.9316384892981056,1.0680993082478942,0.3091378968254002,1.031650641025641
2.1,40,3,0.8,0.8877295676867679,1.0177588711172703,0.32760482804233054,1.0559200104826538
2.1,40,4,0.7666666666666667,0.8929496777723849,1.0237435916236397,0.32372288359788753,1.0425435923018698
2.1,40,5,0.6333333333333333,0.7857364275010303,0.9008263874019495,0.3892123015873039,1.407593346883755
2.1,40,6,0.5333333333333333,0.8579896787254265,0.9836628615686419,0.31859854497354845,1.1123790850937632
2.1,40,8,0.23333333333333334,0.649863458698521,0.7450515609487344,0.5238885582010627,1.5175418501921891
2.1,40,10,0.03333333333333333,0.5841976694064841,0.6697674406337631,0.5717731481481526,1.574435709243785
2.1,50,1,0.8,0.8935420662467561,0.9621582858327885,0.4457880291005374,1.0259657113029044
2.1,50,2,0.6666666666666666,0.8305505291521247,0.8943295493441743,0.4750234788359877,1.2055217414873058
2.1,50,3,0.36666666666666664,0.7012618362210569,0.7551126150025903,0.5794847883597919,1.537986513537572
2.1,50,4,0.2,0.6223764948743393,0.6701695690346438,0.732780092592595,1.8012864876135464
2.1,50,5,0.03333333333333333,0.38311253638471804,0.41253223011346984,0.959330687830689,2.4211042590954515
2.1,50,6,0.03333333333333333,0.37399919901931716,0.4027190681047228,0.9789983465608455,3.745653844813556
2.1,50,8,0.0,0.31196357589799917,0.33591965142623254,1.0669844576719554,3.170034773329667
2.1,50,10,0.0,0.32499684872477236,0.34995376567277564,1.1209540343915338,2.65910744869138
2.1,60,1,0.2,0.4608657036341591,0.4637742931602453,1.1006296296296318,1.9997866973344334
2.1,60,2,0.0,0.3123780969030483,0.31434955985563157,1.2211716269841275,2.820796747317901
2.1,60,3,0.03333333333333333,0.2570375320712521,0.25865973278546917,1.4560066137566123,6.019169802225635
2.1,60,4,0.0,0.21684188359432083,0.21821040380848697,1.4982681878306856,4.121646367006985
2.1,60,5,0.0,0.1728425265726918,0.1739333605368756,1.5829814814814729,5.3996680306873746
2.1,60,6,0.0,0.18515167049538786,0.18632018923152655,1.5690036375661423,3.506778465210543
2.1,60,8,0.03333333333333333,0.30746785461926174,0.30940832832885173,1.1438234126984115,4.002011134384901
2.1,60,10,0.0,0.2731421102139614,0.27486594922961544,1.0409712301587242,3.1524466891133556
2.4,10,1,1.0,0.9970546145059376,1.3193174134665158,0.05311313657407472,1.0074999999999998
2.4,10,2,1.0,0.9972496943800988,1.3195755460414553,0.05306973379629696,1.0083333333333333
2.4,10,3,1.0,0.9966602266745789,1.318795553654625,0.053105613425926575,1.01
2.4,10,4,1.0,0.9950406925751714,1.3166525621795693,0.05315567129629695,1.0074999999999998
2.4,10,5,1.0,0.9841425961960371,1.3022320398556715,0.05387471064814884,1.0066666666666666
2.4,10,6,1.0,0.9901072232520371,1.3101245225996723,0.05339033564814879,1.0074999999999998
2.4,10,8,1.0,0.984689479382596,1.3029556837771399,0.053635706018519184,1.0033333333333334
2.4,10,10,1.0,0.9742247216136657,1.2891085615118263,0.05434722222222279,1.0025
2.4,10,12,0.9666666666666667,0.9682718162616386,1.2812315890998998,0.054530092592593185,1.0058333333333331
2.4,10,15,0.9666666666666667,0.9553131897249458,1.2640845427939762,0.055339120370370885,1.0033333333333332
2.4,10,18,0.9666666666666667,0.9418909892162963,1.2463240885515823,0.05607349537037078,1.0125
2.4,10,20,0.8333333333333334,0.9269365705960658,1.2265361806407258,0.057000289351852224,1.0066666666666666
2.4,20,1,1.0,0.9947783848430901,1.2933807455901232,0.10809751157407364,1.0050000000000001
2.4,20,2,1.0,0.9908731133451655,1.2883032297949701,0.10855208333333284,1.005
2.4,20,3,1.0,0.9879387340422455,1.2844880386443769,0.10879398148148103,1.0045833333333334
2.4,20,4,1.0,0.9820799546476426,1.2768706310115856,0.1095034722222219,1.0054166666666666
2.4,20,5,1.0,0.9768999909907095,1.270135799054224,0.11013859953703645,0.9991666666666668
2.4,20,6,1.0,0.9744044202260809,1.2668911334830701,0.11022627314814765,1.0025000000000002
2.4,20,8,1.0,0.9638961484473616,1.2532285965852994,0.11141087962962927,1.0033333333333332
2.4,20,10,1.0,0.9545348046491436,1.2410572607320636,0.11259780092592554,1.0033333333333332
2.4,20,12,1.0,0.9431457375531961,1.2262495404231266,0.11381163194444423,1.0041666666666669
2.4,20,15,0.7333333333333333,0.9206164222873158,1.196957606641498,0.11666695601851834,0.9958333333333336
2.4,20,18,0.5,0.8974017496425009,1.1667745919404726,0.11956799768518511,1.0004166666666667
2.4,20,20,0.3333333333333333,0.8823672046897197,1.1472271316649827,0.12172280092592573,0.9970833333333332
2.4,30,1,1.0,0.9910046206536556,1.2474784505378724,0.1681741898148152,1.0008333333333335
2.4,30,2,1.0,0.9898207325055031,1.245988169945948,0.16826591435185215,1.0005555555555556
2.4,30,3,1.0,0.9822750796916716,1.2364896882191057,0.16962355324074085,0.9994444444444445
2.4,30,4,1.0,0.9779210963203179,1.2310088858932986,0.17035995370370405,1.0030555555555554
2.4,30,5,1.0,0.9736922839965291,1.2256856491138213,0.1710954861111113,0.9983333333333334
2.4,30,6,1.0,0.970294150018291,1.2214080717730653,0.1716302083333336,0.9986111111111111
2.4,30,8,1.0,0.9608637861057875,1.2095371122271668,0.17314641203703737,0.9983333333333334
2.4,30,10,0.9666666666666667,0.9433577624955636,1.187500497308099,0.17660590277777796,0.9933333333333333
2.4,30,12,0.9,0.9261142299076787,1.1657943065737453,0.17974855324074085,0.9977777777777778
2.4,30,15,0.36666666666666664,0.8815719169754994,1.1097243606199538,0.18703096064814803,1.0
2.4,30,18,0.13333333333333333,0.8720348881446309,1.097719131077412,0.1906235532407407,0.9980555555555557
2.4,30,20,0.0,0.7801090868860443,0.982002762325392,0.21297974537037015,1.4809607809505663
2.4,40,1,1.0,0.9963803342371774,1.2115665036992505,0.23031915509259265,1.0014583333333333
2.4,40,2,1.0,0.9893472376637322,1.203014484020749,0.23207175925925932,0.9999999999999998
2.4,40,3,0.9666666666666667,0.9840633960479097,1.196589502221521,0.2334285300925925,1.0014583333333333
2.4,40,4,1.0,0.9765795023556777,1.1874893277166756,0.23511400462962978,1.0022916666666666
2.4,40,5,1.0,0.9660087641164239,1.1746356493270296,0.2379855324074075,1.0050000000000001
2.4,40,6,1.0,0.9664386135683931,1.1751583324629207,0.23767274305555572,1.002291666666667
2.4,40,8,1.0,0.9532562241863425,1.1591289701148162,0.24095254629629625,1.004375
2.4,40,10,0.9333333333333333,0.932361839491069,1.1337220690125573,0.24646180555555575,1.003958333333333
2.4,40,12,0.7666666666666667,0.916673580833923,1.1146456500616355,0.248122974537037,1.0658796296296298
2.4,40,15,0.1,0.7915097622203026,0.9624504642509388,0.28093634259259237,1.341134035997676
2.4,40,18,0.0,0.5913167157817888,0.7190221457623927,0.3897890625,1.946380641490294
2.4,40,20,0.03333333333333333,0.6488963885875256,0.7890371796488276,0.36829947916666744,3.2722485318132146
2.4,50,1,1.0,0.9840265442929291,1.1704115555200698,0.29855324074074086,0.9998333333333335
2.4,50,2,1.0,0.9827266911241159,1.1688654964446497,0.29892042824074067,1.0005
2.4,50,3,1.0,0.9758191473833813,1.160649591028983,0.3005584490740739,1.0003333333333333
2.4,50,4,0.9666666666666667,0.9592504675154292,1.1409426283564483,0.30682407407407414,1.0013333333333332
2.4,50,5,0.8666666666666667,0.9349707909967339,1.112064124898811,0.31155353009259257,1.0387254901960785
2.4,50,6,0.8333333333333334,0.9168832677697522,1.090550633907764,0.31957609953703725,1.0147948717948718
2.4,50,8,0.7666666666666667,0.8925478245732483,1.0616058009750748,0.3324111689814813,1.0092446808510638
2.4,50,10,0.1,0.8135312701602472,0.9676226773502851,0.3481067708333336,1.1460933075581567
2.4,60,1,0.9333333333333333,0.9720625109559105,1.1212105000974708,0.37419328703703764,1.0047222222222223
2.4,60,2,0.9,0.9554946116981423,1.102100512413552,0.3753923611111113,1.0418342911877394
2.4,60,3,0.6333333333333333,0.8772242505516243,1.011820772402184,0.42074160879629596,1.1347131664631662
2.4,60,4,0.7,0.9063135806198676,1.0453734111941502,0.38514178240740754,1.0992481773540896
2.4,60,5,0.06666666666666667,0.6975083943830315,0.8045302919040913,0.5174898726851846,1.3214118638106553
2.4,60,6,0.06666666666666667,0.5633243669456028,0.6497577965012356,0.643364293981482,2.3728115576553983
2.4,60,8,0.0,0.5526185923412316,0.6374093860206236,0.6111203703703705,2.3276366274743596
2.4,60,10,0.0,0.37651371259303257,0.4342839305415172,0.8035679976851872,3.9582480295058917
2.7,10,1,1.0,0.9984811350674322,1.3233766484714917,0.04703677983539196,1.0075
2.7,10,2,1.0,1.0000518499086266,1.3254584578009228,0.046942129629630645,1.0083333333333333
2.7,10,3,1.0,1.0001783170195477,1.3256260760117378,0.04693029835391047,1.0058333333333336
2.7,10,4,1.0,1.0012995017682491,1.3271120827703469,0.04683333333333433,1.005
2.7,10,5,1.0,0.9936276251335009,1.3169438562192322,0.04730324074074176,1.0041666666666664
2.7,10,6,1.0,1.0001684199695537,1.3256129585632546,0.0468479938271615,1.005
2.7,10,8,1.0,0.9972623236668363,1.3217612483504564,0.0469652777777788,1.0058333333333336
2.7,10,10,1.0,0.9912726852493549,1.3138226430667947,0.047367541152264395,1.0025
2.7,10,12,1.0,0.9901973639162053,1.3123974232084374,0.04730761316872531,1.0066666666666666
2.7,10,15,1.0,0.9854530801818029,1.3061093982399865,0.04755632716049485,1.0041666666666667
2.7,10,18,1.0,0.9760014928887947,1.293582361448538,0.047939557613169745,1.005
2.7,10,20,0.9666666666666667,0.9666694142537575,1.281213720205783,0.04845884773662655,1.0058333333333331
2.7,20,1,1.0,0.9965488246240767,1.304735869943175,0.09511188271604844,1.0041666666666667
2.7,20,2,1.0,0.9932136455774389,1.3003692723141298,0.09549742798353818,1.0054166666666666
2.7,20,3,1.0,0.9910695427508882,1.297562096391061,0.09560468106995793,1.0062499999999999
2.7,20,4,1.0,0.9899354637608944,1.2960772985557396,0.09573122427983442,1.0058333333333331
2.7,20,5,1.0,0.9840709874618212,1.2883992075312294,0.09644573045267392,1.0050000000000001
2.7,20,6,1.0,0.9835714507450158,1.2877451869186263,0.09628472222222134,1.0029166666666667
2.7,20,8,1.0,0.981275564810842,1.2847392883037294,0.09646502057613081,1.0016666666666665
2.7,20,10,1.0,0.9752307801995167,1.2768251278395377,0.0972055041152254,1.0029166666666667
2.7,20,12,1.0,0.9717759214375924,1.2723018390242902,0.09736445473250936,1.0041666666666667
2.7,20,15,1.0,0.9571240547332174,1.253118819007147,0.09889789094650109,0.9975
2.7,20,18,0.9333333333333333,0.9446114649352737,1.2367366565562299,0.1002319958847726,1.0008333333333332
2.7,20,20,0.8,0.9299615452769805,1.2175561857176123,0.10180812757201535,1.0016666666666667
2.7,30,1,1.0,0.9917890510345982,1.2611589420247151,0.1475316358024684,1.0016666666666667
2.7,30,2,1.0,0.9897207824962813,1.258528931783237,0.14785185185185104,1.0013888888888889
2.7,30,3,1.0,0.9866615203303645,1.2546387740601617,0.1483587962962955,0.9980555555555556
2.7,30,4,1.0,0.9854366057333446,1.2530811726774516,0.1485895061728387,1.0013888888888889
2.7,30,5,1.0,0.9787754892448294,1.2446108970532188,0.1496651234567892,0.9997222222222224
2.7,30,6,1.0,0.9791482223058514,1.2450848644078754,0.14948868312757133,0.9988888888888889
2.7,30,8,1.0,0.9740508505463386,1.2386030465569646,0.1501095679012338,0.9988888888888889
2.7,30,10,1.0,0.9673495155075391,1.2300816290248098,0.15140020576131621,0.9944444444444442
2.7,30,12,1.0,0.959697821463729,1.2203517349965163,0.15246836419753054,0.9972222222222222
2.7,30,15,0.9,0.9416250321224972,1.1973703763484782,0.15551157407407376,0.9977777777777777
2.7,30,18,0.7333333333333333,0.9215361850407836,1.1718253987086853,0.1588765432098765,1.0002777777777778
2.7,30,20,0.4666666666666667,0.8920531377237109,1.1343347561942552,0.16386033950617296,0.9900000000000001
2.7,40,1,1.0,0.9965223103723921,1.2292487522886117,0.20135185185185078,0.9989583333333332
2.7,40,2,1.0,0.9889864246863853,1.2199529462835743,0.203102109053497,0.9997916666666664
2.7,40,3,1.0,0.9885629142074809,1.219430529753251,0.20307098765431986,0.9997916666666667
2.7,40,4,1.0,0.9811962631751885,1.2103434812288612,0.20474922839506088,1.0047916666666667
2.7,40,5,1.0,0.9758171931242665,1.2037081905988922,0.20589274691357914,1.0054166666666666
2.7,40,6,1.0,0.9777479116474835,1.2060898064553383,0.20545807613168618,1.00375
2.7,40,8,1.0,0.9691886469219388,1.195531622885467,0.20715534979423764,1.0054166666666666
2.7,40,10,1.0,0.9532806874276496,1.1759085405357048,0.21100977366255097,1.0064583333333335
2.7,40,12,0.9333333333333333,0.9451021392450342,1.1658199855235694,0.21272736625514355,1.0035416666666666
2.7,40,15,0.5666666666666667,0.908201757771783,1.1203019400038285,0.22107741769547354,0.9991666666666668
2.7,40,18,0.0,0.705856494452348,0.8707012437846172,0.2829997427983539,1.3690327575499441
2.7,40,20,0.0,0.4307623319620188,0.5313619711126882,0.4580203189300405,1.9606043049123951
2.7,50,1,1.0,0.9903094028881906,1.1927789956762755,0.2596378600823051,0.9991666666666664
2.7,50,2,1.0,0.9834777927764944,1.1845506571144928,0.2616944444444448,0.9998333333333331
2.7,50,3,1.0,0.9804749851494784,1.180933922935139,0.2622327674897124,0.9993333333333332
2.7,50,4,1.0,0.9784345723321899,1.178476345996182,0.2632996399176957,0.9996666666666666
2.7,50,5,1.0,0.9651318762927799,1.1624539025301315,0.26696630658436243,1.0
2.7,50,6,1.0,0.9629515928646548,1.1598278583159656,0.2676273148148152,0.9983333333333333
2.7,50,8,0.9666666666666667,0.9456399154330014,1.1389767938302833,0.2726100823045276,0.9985000000000002
2.7,50,10,0.7,0.9148002929461825,1.1018319845115168,0.28224228395061873,0.9984999999999999
2.7,50,12,0.1,0.8449799532229462,1.0177368174354744,0.2991535493827177,0.999318151541045
2.7,50,15,0.0,0.5430387756326047,0.6540635113867166,0.4492438271604952,1.7684197321062665
2.7,50,18,0.0,0.2716423549785308,0.32717986359563234,0.8018953189300425,3.546988721075309
2.7,50,20,0.0,0.20254176353607622,0.24395159794351542,0.9235709876543191,5.160832465996022
2.7,60,1,1.0,0.9826663263873947,1.1490519287854117,0.3227615740740761,0.9998611111111112
2.7,60,2,1.0,0.9734934490015904,1.1383258947597832,0.3274097222222238,1.0036111111111112
2.7,60,3,0.9333333333333333,0.9597245345892483,1.122225620192579,0.33331352880658555,1.005277777777778
2.7,60,4,0.9666666666666667,0.9438637144698426,1.1036792372944062,0.3384390432098783,1.0020833333333334
2.7,60,5,0.7666666666666667,0.924481618407136,1.081015354075132,0.3461520061728415,1.0032638888888892
2.7,60,6,0.5666666666666667,0.9017414995787012,1.0544248658300697,0.3483613683127587,1.0079959430840146
2.7,60,8,0.06666666666666667,0.7893770199580498,0.9230347707713135,0.3968461934156392,1.1954353125896438
2.7,60,10,0.0,0.4832542595826874,0.5650791363826019,0.5913166152263377,2.168219616185888
3.0,10,1,1.0,0.9995015121704338,1.3249237573878316,0.042279861111109915,1.0058333333333334
3.0,10,2,1.0,1.002070918405768,1.3283297225836042,0.042138194444443215,1.0091666666666665
3.0,10,3,1.0,1.0028300837449275,1.3293360604244084,0.04210393518518396,1.0041666666666667
3.0,10,4,1.0,1.002951188369391,1.3294965948429431,0.042054629629628394,1.0025
3.0,10,5,1.0,0.9965861659857567,1.3210592195416597,0.042428009259258014,1.0041666666666667
3.0,10,6,1.0,1.002859063830364,1.3293744759777801,0.042059722222221,1.0025000000000002
3.0,10,8,1.0,1.0025979371027514,1.329028330423331,0.042014814814813575,1.0041666666666667
3.0,10,10,1.0,0.9983176892477788,1.323354500017365,0.0423094907407395,1.0025
3.0,10,12,1.0,0.9978015400381345,1.3226703006020688,0.0422270833333321,1.0033333333333332
3.0,10,15,1.0,0.9936551983325167,1.3171739741181883,0.04242523148148024,1.0016666666666667
3.0,10,18,1.0,0.9853282590118059,1.3061359120462468,0.04271666666666543,1.0016666666666667
3.0,10,20,0.9666666666666667,0.9750990506976319,1.2925762315958513,0.04322013888888762,1.0066666666666666
3.0,20,1,1.0,0.9963282085670735,1.3083600548742311,0.08536226851851818,1.0033333333333332
3.0,20,2,1.0,0.9922633163177866,1.3030221124165107,0.08575300925925887,1.0008333333333335
3.0,20,3,1.0,0.9918646854302534,1.3024986375962628,0.08569074074074035,1.0029166666666667
3.0,20,4,1.0,0.9896376742218281,1.2995741670434804,0.08590879629629589,1.0016666666666667
3.0,20,5,1.0,0.9865878334447312,1.29556917168937,0.08625648148148106,1.0050000000000001
3.0,20,6,1.0,0.9856483483298155,1.2943354569496535,0.08620601851851808,1.0008333333333332
3.0,20,8,1.0,0.9833369867681551,1.2913002190494864,0.08639236111111076,1.0004166666666665
3.0,20,10,1.0,0.9771454630051795,1.2831696228256453,0.08704768518518483,1.005
3.0,20,12,1.0,0.9748884211075842,1.280205716518869,0.08703449074074034,1.0016666666666667
3.0,20,15,1.0,0.9623970202791355,1.2638022364880566,0.08821689814814777,0.9999999999999999
3.0,20,18,0.9666666666666667,0.9500686525467719,1.2476128485492937,0.08933009259259221,0.9995833333333332
3.0,20,20,0.8333333333333334,0.9338597060640598,1.2263275552822537,0.09091435185185155,1.00125
3.0,30,1,1.0,0.9936557999484418,1.2681659299526062,0.13196319444444402,1.0008333333333335
3.0,30,2,1.0,0.9909624975000786,1.2647285682381681,0.1323115740740736,1.0019444444444445
3.0,30,3,1.0,0.9851237701552167,1.257276817749296,0.1332946759259254,0.9977777777777778
3.0,30,4,1.0,0.9873278058807137,1.260089746547798,0.13283958333333287,0.9994444444444445
3.0,30,5,1.0,0.9795916008577417,1.2502163158912565,0.13412777777777724,0.9986111111111112
3.0,30,6,1.0,0.9797800972545256,1.250456886829737,0.13392916666666616,0.9991666666666668
3.0,30,8,1.0,0.975434559116015,1.244910838172994,0.134518981481481,0.9975000000000002
3.0,30,10,1.0,0.9692937999990409,1.2370736157700286,0.13550555555555502,0.9974999999999999
3.0,30,12,1.0,0.9614548379397984,1.2270690401310214,0.13651527777777722,0.9963888888888889
3.0,30,15,0.9333333333333333,0.9458945449848511,1.2072100171307334,0.13886134259259195,0.9994444444444446
3.0,30,18,0.7,0.9235246298329224,1.1786601266625465,0.14213472222222132,0.9966666666666666
3.0,30,20,0.5,0.8983402661747959,1.1465182602733706,0.14572361111110996,0.9913888888888889
3.0,40,1,1.0,0.9960387475438709,1.2331677577354372,0.18060787037036902,0.9997916666666665
3.0,40,2,1.0,0.9880155405010991,1.223234449153638,0.18221990740740607,1.0016666666666665
3.0,40,3,1.0,0.9888247880447709,1.2242363559382319,0.181940972222221,0.999375
3.0,40,4,1.0,0.981990629509663,1.2157751751081394,0.18342129629629486,1.003125
3.0,40,5,1.0,0.9741778999287375,1.2061024527940118,0.18511226851851695,1.0022916666666668
3.0,40,6,1.0,0.9748179512886261,1.206894882508474,0.18498402777777626,1.0016666666666667
3.0,40,8,1.0,0.9679287884870917,1.1983656024321803,0.18604884259259116,1.005
3.0,40,10,1.0,0.9560073781951469,1.183606037269667,0.18869976851851675,1.0039583333333335
3.0,40,12,0.9333333333333333,0.9456051077573476,1.1707272767367356,0.19068726851851645,1.0035416666666666
3.0,40,15,0.6333333333333333,0.9137933986966077,1.1313420881294651,0.19689074074073754,0.9985416666666664
3.0,40,18,0.0,0.8422717884091221,1.042793179760856,0.2133194444444416,0.9836356209150326
3.0,40,20,0.0,0.7155780117268261,0.8859371529289685,0.2665187499999999,1.0037599469496021
3.0,50,1,1.0,0.9890056907878101,1.1940161726551615,0.2336761574074058,0.9983333333333333
3.0,50,2,1.0,0.9849126473558794,1.1890746843516793,0.23479976851851728,0.9978333333333331
3.0,50,3,1.0,0.9785161562718666,1.1813522679149528,0.23621249999999896,0.9979999999999999
3.0,50,4,1.0,0.9749968074639617,1.177103395099564,0.23737824074073977,1.0005
3.0,50,5,1.0,0.9632220196795477,1.1628878176007393,0.24033379629629562,1.0010000000000001
3.0,50,6,1.0,0.9591645078149929,1.1579892261849918,0.24137037037036987,0.996
3.0,50,8,0.9333333333333333,0.9487516602407894,1.1454179047833037,0.24394282407407367,0.9986666666666667
3.0,50,10,0.8333333333333334,0.930874948301349,1.1238355384042118,0.24897870370370362,1.0019999999999998
3.0,50,12,0.5,0.8982382302020508,1.0844335717664788,0.2557835648148145,0.9913864306784662
3.0,50,15,0.0,0.7626280244779388,0.9207127961229105,0.3071087962962978,1.0477628726287262
3.0,50,18,0.0,0.5350221317778049,0.6459265947825563,0.47041759259259297,1.2430540621651984
3.0,50,20,0.0,0.3306178353842667,0.3991514367350109,0.6153719907407402,2.092530106215249
3.0,60,1,1.0,0.9853866709321775,1.1541132674775338,0.2897180555555569,1.0008333333333335
3.0,60,2,0.9666666666666667,0.9641624735464457,1.1292548758257952,0.2964967592592602,0.9995833333333335
3.0,60,3,0.9333333333333333,0.9473799227002694,1.109598668607805,0.3029793981481493,1.0030555555555558
3.0,60,4,0.9333333333333333,0.9507411764576583,1.113535465878557,0.30152847222222445,0.9988888888888889
3.0,60,5,0.8,0.9259048934744174,1.084446495476036,0.3109293981481496,1.0038888888888888
3.0,60,6,0.8,0.9211268800560791,1.0788503484598873,0.3112886574074102,0.9998611111111111
3.0,60,8,0.3,0.8831779559250366,1.0344034748435613,0.3248564814814859,0.9926388888888888
3.0,60,10,0.0,0.7886196628889836,0.923654076904477,0.384216666666669,1.167644138795435
