cell_id,city,split,W,L,context,type,sinuosity,orig_qp_lo,orig_qp_hi,orig_x_lo,orig_x_hi,geom_approx,rationale
AMS-amsterdam-chain-142287-0,amsterdam,train,3.651,50.0,residential,B,1.0464,18.3,43.8,5.01,12.0,chained,bin=xwide;type=B;ctx=residential;width-spread
AMS-amsterdam-chain-173340-0,amsterdam,train,1.96,50.0,residential,B,1.3994,9.8,23.5,5.0,11.99,chained,bin=mid;type=B;ctx=residential;width-spread
AMS-amsterdam-chain-22812-0,amsterdam,train,2.796,50.0,residential,B,1.0839,14.0,33.6,5.01,12.02,chained,bin=wide;type=B;ctx=residential;width-spread
AMS-amsterdam-chain-3511-0,amsterdam,train,1.969,50.0,residential,B,1.3121,9.8,23.6,4.98,11.99,chained,bin=mid;type=B;ctx=residential;width-spread
AMS-amsterdam-chain-75190-0,amsterdam,train,0.91,50.0,residential,C,1.0001,4.5,10.9,4.95,11.98,chained,bin=narrow;type=C;ctx=residential;width-spread
AMS-amsterdam-chain-77474-550,amsterdam,train,0.643,50.0,residential,C,1.0003,3.2,7.7,4.98,11.98,chained,bin=narrow;type=C;ctx=residential;width-spread
MEL-melbourne-1389612-0-2,melbourne,train,1.697,50.0,residential,A,1.0,8.5,20.4,5.01,12.02,chord,bin=mid;type=A;ctx=residential;width-spread
MEL-melbourne-1389823-0-3,melbourne,train,2.722,50.0,residential,A,1.0,13.6,32.7,5.0,12.01,chord,bin=wide;type=A;ctx=residential;width-spread
MEL-melbourne-1465622-0-2,melbourne,train,1.749,50.0,residential,A,1.0,8.7,21.0,4.97,12.01,chord,bin=mid;type=A;ctx=residential;width-spread
MEL-melbourne-RPSP03A10530L1-0-0,melbourne,train,3.609,50.0,commercial,A,1.0,54.1,90.2,14.99,24.99,chord,bin=xwide;type=A;ctx=commercial;width-spread
MEL-melbourne-RPSP03A13291L1-0-0,melbourne,train,0.305,50.0,commercial,C,1.0,4.6,7.6,15.08,24.92,chord,bin=narrow;type=C;ctx=commercial;width-spread
MEL-melbourne-RPSP1011231-0-5,melbourne,train,0.209,50.0,residential,C,1.0,1.0,2.5,4.78,11.96,chord,bin=narrow;type=C;ctx=residential;width-spread
NTP-newtaipei-idx11808-0-1,newtaipei,train,4.98,50.0,residential,A,1.0,24.9,59.8,5.0,12.01,chord,bin=xwide;type=A;ctx=residential;width-spread
NTP-newtaipei-idx12919-0-1,newtaipei,train,1.12,50.0,residential,C,1.0,5.6,13.4,5.0,11.96,chord,bin=narrow;type=C;ctx=residential;width-spread
NTP-newtaipei-idx13776-0-2,newtaipei,train,1.71,50.0,residential,A,1.0,8.6,20.5,5.03,11.99,chord,bin=mid;type=A;ctx=residential;width-spread
NTP-newtaipei-idx251-0-0,newtaipei,train,2.46,50.0,residential,A,1.0,12.3,29.5,5.0,11.99,chord,bin=wide;type=A;ctx=residential;width-spread
NTP-newtaipei-idx3916-0-1,newtaipei,train,1.4,50.0,MRT-frontage,C,1.0,42.0,63.0,30.0,45.0,chord,bin=narrow;type=C;ctx=MRT-frontage;width-spread
NTP-newtaipei-idx6919-0-0,newtaipei,train,1.74,50.0,residential,A,1.0,8.7,20.9,5.0,12.01,chord,bin=mid;type=A;ctx=residential;width-spread
NYC-nyc-10517-0-3,nyc,train,0.762,50.0,residential,C,1.0,3.8,9.1,4.99,11.94,exact,bin=narrow;type=C;ctx=residential;width-spread
NYC-nyc-110605-0-2,nyc,train,1.707,50.0,residential,A,1.0,8.5,20.5,4.98,12.01,exact,bin=mid;type=A;ctx=residential;width-spread
NYC-nyc-17655-0-0,nyc,train,2.408,50.0,residential,A,1.0,12.0,28.9,4.98,12.0,exact,bin=wide;type=A;ctx=residential;width-spread
NYC-nyc-46079-0-1,nyc,train,1.676,50.0,residential,A,1.0,8.4,20.1,5.01,11.99,exact,bin=mid;type=A;ctx=residential;width-spread
NYC-nyc-53282-0-0,nyc,train,0.853,50.0,residential,C,1.0,4.3,10.2,5.04,11.96,exact,bin=narrow;type=C;ctx=residential;width-spread
NYC-nyc-9648-0-0,nyc,train,3.719,50.0,residential,A,1.0,18.6,44.6,5.0,11.99,exact,bin=xwide;type=A;ctx=residential;width-spread
SEA-seattle-5432169-0-1,seattle,test,1.651,50.0,residential,A,1.0,8.3,19.8,5.03,11.99,exact,bin=mid;type=A;ctx=residential;width-spread
SEA-seattle-5434873-0-0,seattle,test,2.438,50.0,commercial,A,1.0,36.6,61.0,15.01,25.02,exact,bin=wide;type=A;ctx=commercial;width-spread
SEA-seattle-5439807-0-1,seattle,test,1.524,50.0,residential,C,1.0,7.6,18.3,4.99,12.01,exact,bin=narrow;type=C;ctx=residential;width-spread
SEA-seattle-5441957-0-1,seattle,test,1.168,50.0,commercial,C,1.0,17.5,29.2,14.98,25.0,exact,bin=narrow;type=C;ctx=commercial;width-spread
SEA-seattle-5445989-0-0,seattle,test,4.064,50.0,commercial,A,1.0,61.0,101.6,15.01,25.0,exact,bin=xwide;type=A;ctx=commercial;width-spread
TPE-taipei-idx12521-0-5,taipei,train,1.75,50.0,residential,A,1.0,8.8,21.0,5.03,12.0,chord,bin=mid;type=A;ctx=residential;width-spread
TPE-taipei-idx15608-0-1,taipei,train,2.48,50.0,commercial,A,1.0,37.2,62.0,15.0,25.0,chord,bin=wide;type=A;ctx=commercial;width-spread
TPE-taipei-idx1592-0-2,taipei,train,1.96,50.0,residential,A,1.0,9.8,23.5,5.0,11.99,chord,bin=mid;type=A;ctx=residential;width-spread
TPE-taipei-idx4344-0-0,taipei,train,3.54,50.0,residential,A,1.0,17.7,42.5,5.0,12.01,chord,bin=xwide;type=A;ctx=residential;width-spread
TPE-taipei-idx5150-0-0,taipei,train,1.2,50.0,commercial,C,1.0,18.0,30.0,15.0,25.0,chord,bin=narrow;type=C;ctx=commercial;width-spread
TPE-taipei-idx9524-0-2,taipei,train,1.19,50.0,residential,C,1.0,5.9,14.3,4.96,12.02,chord,bin=narrow;type=C;ctx=residential;width-spread
TAO-taoyuan-idx10181-0-0,taoyuan,test,1.8,50.0,residential,A,1.0,9.0,21.6,5.0,12.0,chord,bin=mid;type=A;ctx=residential;width-spread
TAO-taoyuan-idx2361-0-3,taoyuan,test,0.51,50.0,residential,C,1.0,2.5,6.1,4.9,11.96,chord,bin=narrow;type=C;ctx=residential;width-spread
TAO-taoyuan-idx3410-0-9,taoyuan,test,2.4,50.0,residential,A,1.0,12.0,28.8,5.0,12.0,chord,bin=wide;type=A;ctx=residential;width-spread
TAO-taoyuan-idx6656-0-0,taoyuan,test,5.0,50.0,commercial,A,1.0,75.0,125.0,15.0,25.0,chord,bin=xwide;type=A;ctx=commercial;width-spread
TAO-taoyuan-idx8762-0-0,taoyuan,test,0.43,50.0,residential,C,1.0,2.1,5.2,4.88,12.09,chord,bin=narrow;type=C;ctx=residential;width-spread
