cell_id,city,type,context,context_src,W_eff,q_p_peak,q_p_off,d_mrt_m,n_shop,n_amen_com,n_amen_tour,landuse
AMS-amsterdam-chain-138895-0,amsterdam,B,commercial,poi,3.48,"[52.2, 87.0]","[13.9, 24.4]",,0,0,0,commercial
AMS-amsterdam-chain-141619-0,amsterdam,B,residential,poi,2.098,"[10.5, 25.2]","[3.1, 6.3]",,0,0,0,
AMS-amsterdam-chain-142287-0,amsterdam,B,residential,poi,3.651,"[18.3, 43.8]","[5.5, 11.0]",,0,0,0,
AMS-amsterdam-chain-15655-200,amsterdam,C,residential,poi,1.319,"[6.6, 15.8]","[2.0, 4.0]",,0,0,0,
AMS-amsterdam-chain-158080-0,amsterdam,A,residential,poi,3.89,"[19.4, 46.7]","[5.8, 11.7]",,0,0,0,
AMS-amsterdam-chain-166482-0,amsterdam,B,residential,poi,2.267,"[11.3, 27.2]","[3.4, 6.8]",,0,0,0,
AMS-amsterdam-chain-173340-0,amsterdam,B,residential,poi,1.96,"[9.8, 23.5]","[2.9, 5.9]",,0,0,0,
AMS-amsterdam-chain-22812-0,amsterdam,B,residential,poi,2.796,"[14.0, 33.6]","[4.2, 8.4]",,0,0,0,
AMS-amsterdam-chain-32447-100,amsterdam,C,residential,poi,1.352,"[6.8, 16.2]","[2.0, 4.1]",,0,0,0,
AMS-amsterdam-chain-32674-0,amsterdam,C,residential,poi,1.323,"[6.6, 15.9]","[2.0, 4.0]",,0,0,0,
AMS-amsterdam-chain-32802-0,amsterdam,A,residential,poi,2.575,"[12.9, 30.9]","[3.9, 7.7]",,0,0,0,
AMS-amsterdam-chain-3511-0,amsterdam,B,residential,poi,1.969,"[9.8, 23.6]","[3.0, 5.9]",,0,0,0,
AMS-amsterdam-chain-44642-0,amsterdam,A,residential,poi,2.482,"[12.4, 29.8]","[3.7, 7.4]",,0,0,0,
AMS-amsterdam-chain-45268-50,amsterdam,A,residential,poi,2.166,"[10.8, 26.0]","[3.2, 6.5]",,0,0,0,
AMS-amsterdam-chain-66173-0,amsterdam,C,residential,poi,1.208,"[6.0, 14.5]","[1.8, 3.6]",,0,0,0,
AMS-amsterdam-chain-75190-0,amsterdam,C,residential,poi,0.91,"[4.5, 10.9]","[1.4, 2.7]",,0,0,0,
AMS-amsterdam-chain-7530-50,amsterdam,C,residential,poi,1.529,"[7.6, 18.3]","[2.3, 4.6]",,0,0,0,
AMS-amsterdam-chain-77474-550,amsterdam,C,residential,poi,0.643,"[3.2, 7.7]","[1.0, 1.9]",,0,0,0,
AMS-amsterdam-chain-79104-0,amsterdam,A,residential,poi,1.662,"[8.3, 19.9]","[2.5, 5.0]",,0,0,0,
AMS-amsterdam-chain-95719-50,amsterdam,B,residential,poi,2.062,"[10.3, 24.7]","[3.1, 6.2]",,0,0,0,
MEL-melbourne-1385129-0-0,melbourne,C,commercial,poi,1.344,"[20.2, 33.6]","[5.4, 9.4]",650.0,3,5,0,residential
MEL-melbourne-1385230-0-1,melbourne,A,MRT-frontage,poi,2.271,"[68.1, 102.2]","[18.2, 27.3]",18.0,2,0,0,
MEL-melbourne-1389612-0-2,melbourne,A,residential,poi,1.697,"[8.5, 20.4]","[2.5, 5.1]",1827.0,0,0,0,
MEL-melbourne-1389823-0-3,melbourne,A,residential,poi,2.722,"[13.6, 32.7]","[4.1, 8.2]",1714.0,0,0,0,
MEL-melbourne-1434605-0-0,melbourne,A,residential,poi,2.156,"[10.8, 25.9]","[3.2, 6.5]",940.0,0,1,0,
MEL-melbourne-1465622-0-2,melbourne,A,residential,poi,1.749,"[8.7, 21.0]","[2.6, 5.2]",1869.0,0,0,0,
MEL-melbourne-1465759-0-1,melbourne,A,residential,poi,2.348,"[11.7, 28.2]","[3.5, 7.0]",1703.0,0,0,0,
MEL-melbourne-1477330-0-0,melbourne,A,residential,poi,1.83,"[9.2, 22.0]","[2.7, 5.5]",96.0,1,1,0,
MEL-melbourne-1515142-0-0,melbourne,A,residential,poi,5.175,"[25.9, 62.1]","[7.8, 15.5]",2513.0,0,1,0,
MEL-melbourne-RPSP02B11034-0-0,melbourne,A,residential,poi,1.844,"[9.2, 22.1]","[2.8, 5.5]",2258.0,0,0,0,
MEL-melbourne-RPSP03A10434L1-0-0,melbourne,C,residential,poi,1.33,"[6.7, 16.0]","[2.0, 4.0]",1118.0,0,0,1,residential
MEL-melbourne-RPSP03A10530L1-0-0,melbourne,A,commercial,poi,3.609,"[54.1, 90.2]","[14.4, 25.3]",960.0,3,6,1,
MEL-melbourne-RPSP03A11034L1-0-0,melbourne,A,residential,poi,3.194,"[16.0, 38.3]","[4.8, 9.6]",1382.0,0,0,0,residential
MEL-melbourne-RPSP03A13291L1-0-0,melbourne,C,commercial,poi,0.305,"[4.6, 7.6]","[1.2, 2.1]",1362.0,2,6,0,
MEL-melbourne-RPSP07A11127-0-0,melbourne,A,residential,poi,3.121,"[15.6, 37.5]","[4.7, 9.4]",2272.0,0,0,0,recreation_ground
MEL-melbourne-RPSP0813145L1-0-1,melbourne,C,commercial,poi,1.271,"[19.1, 31.8]","[5.1, 8.9]",1167.0,1,5,1,residential
MEL-melbourne-RPSP0813599L1-0-0,melbourne,C,commercial,poi,0.617,"[9.3, 15.4]","[2.5, 4.3]",136.0,4,20,9,
MEL-melbourne-RPSP0814955L1-0-0,melbourne,A,commercial,poi,3.499,"[52.5, 87.5]","[14.0, 24.5]",1264.0,9,10,0,
MEL-melbourne-RPSP1011231-0-5,melbourne,C,residential,poi,0.209,"[1.0, 2.5]","[0.3, 0.6]",1570.0,0,0,0,
MEL-melbourne-idx7418-0-6,melbourne,C,residential,poi,0.603,"[3.0, 7.2]","[0.9, 1.8]",638.0,0,0,0,
NTP-newtaipei-idx11355-0-2,newtaipei,A,residential,poi,6.11,"[30.6, 73.3]","[9.2, 18.3]",7182.0,0,1,0,industrial
NTP-newtaipei-idx11808-0-1,newtaipei,A,residential,poi,4.98,"[24.9, 59.8]","[7.5, 14.9]",7971.0,1,3,0,residential
NTP-newtaipei-idx11901-0-0,newtaipei,A,residential,poi,1.78,"[8.9, 21.4]","[2.7, 5.3]",7776.0,0,0,0,industrial
NTP-newtaipei-idx11985-0-0,newtaipei,C,commercial,poi,1.56,"[23.4, 39.0]","[6.2, 10.9]",8400.0,8,11,0,
NTP-newtaipei-idx12775-0-0,newtaipei,C,commercial,poi,1.5,"[22.5, 37.5]","[6.0, 10.5]",8142.0,19,19,1,retail
NTP-newtaipei-idx12919-0-1,newtaipei,C,residential,poi,1.12,"[5.6, 13.4]","[1.7, 3.4]",5812.0,0,0,0,residential
NTP-newtaipei-idx133-0-2,newtaipei,C,residential,poi,1.54,"[7.7, 18.5]","[2.3, 4.6]",20594.0,0,0,0,
NTP-newtaipei-idx13763-0-2,newtaipei,A,residential,poi,1.8,"[9.0, 21.6]","[2.7, 5.4]",10530.0,2,0,0,
NTP-newtaipei-idx13776-0-2,newtaipei,A,residential,poi,1.71,"[8.6, 20.5]","[2.6, 5.1]",115.0,0,0,0,
NTP-newtaipei-idx251-0-0,newtaipei,A,residential,poi,2.46,"[12.3, 29.5]","[3.7, 7.4]",30666.0,0,1,0,
NTP-newtaipei-idx3820-0-0,newtaipei,C,commercial,poi,1.5,"[22.5, 37.5]","[6.0, 10.5]",1196.0,11,10,0,
NTP-newtaipei-idx3916-0-1,newtaipei,C,MRT-frontage,poi,1.4,"[42.0, 63.0]","[11.2, 16.8]",33.0,4,5,0,residential
NTP-newtaipei-idx4423-0-0,newtaipei,A,residential,poi,2.99,"[15.0, 35.9]","[4.5, 9.0]",10309.0,1,1,0,
NTP-newtaipei-idx5617-0-0,newtaipei,A,residential,poi,2.33,"[11.7, 28.0]","[3.5, 7.0]",16201.0,0,0,0,
NTP-newtaipei-idx672-0-2,newtaipei,C,residential,poi,1.58,"[7.9, 19.0]","[2.4, 4.7]",7356.0,0,0,0,residential
NTP-newtaipei-idx6820-0-0,newtaipei,A,residential,poi,2.62,"[13.1, 31.4]","[3.9, 7.9]",5214.0,1,1,0,
NTP-newtaipei-idx6919-0-0,newtaipei,A,residential,poi,1.74,"[8.7, 20.9]","[2.6, 5.2]",5021.0,2,2,0,
NTP-newtaipei-idx7317-0-1,newtaipei,A,residential,poi,1.74,"[8.7, 20.9]","[2.6, 5.2]",7848.0,0,0,0,
NTP-newtaipei-idx7804-0-0,newtaipei,A,residential,poi,2.9,"[14.5, 34.8]","[4.3, 8.7]",7940.0,1,3,0,residential
NTP-newtaipei-idx9858-0-0,newtaipei,A,residential,poi,1.91,"[9.5, 22.9]","[2.9, 5.7]",1775.0,1,2,0,
NYC-nyc-10517-0-3,nyc,C,residential,poi,0.762,"[3.8, 9.1]","[1.1, 2.3]",,0,0,0,
NYC-nyc-110605-0-2,nyc,A,residential,poi,1.707,"[8.5, 20.5]","[2.6, 5.1]",,0,0,0,
NYC-nyc-17655-0-0,nyc,A,residential,poi,2.408,"[12.0, 28.9]","[3.6, 7.2]",,0,0,0,
NYC-nyc-182996-0-0,nyc,C,residential,poi,1.585,"[7.9, 19.0]","[2.4, 4.8]",,1,1,0,industrial
NYC-nyc-199805-0-0,nyc,A,residential,poi,2.073,"[10.4, 24.9]","[3.1, 6.2]",,0,0,0,
NYC-nyc-20131-0-2,nyc,A,residential,poi,3.17,"[15.8, 38.0]","[4.8, 9.5]",,0,0,0,
NYC-nyc-214464-0-0,nyc,A,residential,poi,2.56,"[12.8, 30.7]","[3.8, 7.7]",,0,0,0,
NYC-nyc-267383-0-0,nyc,A,commercial,poi,2.347,"[35.2, 58.7]","[9.4, 16.4]",,15,11,2,
NYC-nyc-26803-0-0,nyc,C,residential,poi,1.158,"[5.8, 13.9]","[1.7, 3.5]",,0,0,0,
NYC-nyc-27695-0-3,nyc,A,residential,poi,2.377,"[11.9, 28.5]","[3.6, 7.1]",,0,0,0,
NYC-nyc-31649-0-0,nyc,A,commercial,poi,1.859,"[27.9, 46.5]","[7.4, 13.0]",,5,2,0,
NYC-nyc-42824-0-0,nyc,C,residential,poi,1.311,"[6.6, 15.7]","[2.0, 3.9]",,0,0,0,
NYC-nyc-46079-0-1,nyc,A,residential,poi,1.676,"[8.4, 20.1]","[2.5, 5.0]",,2,1,0,
NYC-nyc-49961-0-0,nyc,C,residential,poi,1.28,"[6.4, 15.4]","[1.9, 3.8]",,0,0,0,
NYC-nyc-53282-0-0,nyc,C,residential,poi,0.853,"[4.3, 10.2]","[1.3, 2.6]",,1,0,0,
NYC-nyc-59808-0-1,nyc,A,residential,poi,3.048,"[15.2, 36.6]","[4.6, 9.1]",,0,0,0,
NYC-nyc-62758-0-0,nyc,A,residential,poi,5.06,"[25.3, 60.7]","[7.6, 15.2]",,0,3,0,
NYC-nyc-72803-0-0,nyc,C,residential,poi,1.311,"[6.6, 15.7]","[2.0, 3.9]",,0,0,0,
NYC-nyc-9648-0-0,nyc,A,residential,poi,3.719,"[18.6, 44.6]","[5.6, 11.2]",,0,0,0,residential
NYC-nyc-98749-0-2,nyc,A,commercial,poi,2.103,"[31.5, 52.6]","[8.4, 14.7]",,3,0,0,
SEA-seattle-5423808-0-1,seattle,A,commercial,poi,4.115,"[61.7, 102.9]","[16.5, 28.8]",2625.0,6,3,0,
SEA-seattle-5426480-0-0,seattle,A,residential,poi,1.829,"[9.1, 21.9]","[2.7, 5.5]",10068.0,0,0,0,
SEA-seattle-5426595-0-0,seattle,A,commercial,poi,2.54,"[38.1, 63.5]","[10.2, 17.8]",5182.0,1,8,0,commercial
SEA-seattle-5432169-0-1,seattle,A,residential,poi,1.651,"[8.3, 19.8]","[2.5, 5.0]",11972.0,0,0,0,recreation_ground
SEA-seattle-5433778-0-0,seattle,A,residential,poi,1.829,"[9.1, 21.9]","[2.7, 5.5]",7303.0,0,0,0,
SEA-seattle-5434873-0-0,seattle,A,commercial,poi,2.438,"[36.6, 61.0]","[9.8, 17.1]",9520.0,7,4,0,retail
SEA-seattle-5438086-0-1,seattle,A,residential,poi,1.829,"[9.1, 21.9]","[2.7, 5.5]",10891.0,0,0,0,residential
SEA-seattle-5439807-0-1,seattle,C,residential,poi,1.524,"[7.6, 18.3]","[2.3, 4.6]",11870.0,0,0,0,residential
SEA-seattle-5441957-0-1,seattle,C,commercial,poi,1.168,"[17.5, 29.2]","[4.7, 8.2]",11136.0,3,0,0,
SEA-seattle-5442697-0-2,seattle,C,residential,poi,1.524,"[7.6, 18.3]","[2.3, 4.6]",12965.0,2,0,0,
SEA-seattle-5445989-0-0,seattle,A,commercial,poi,4.064,"[61.0, 101.6]","[16.3, 28.4]",3072.0,2,4,1,retail
SEA-seattle-5449118-0-0,seattle,A,residential,poi,1.829,"[9.1, 21.9]","[2.7, 5.5]",2776.0,0,0,0,residential
SEA-seattle-5449903-0-0,seattle,A,residential,poi,1.829,"[9.1, 21.9]","[2.7, 5.5]",2845.0,0,0,0,
SEA-seattle-5451525-0-0,seattle,C,commercial,poi,1.524,"[22.9, 38.1]","[6.1, 10.7]",3288.0,3,1,0,
SEA-seattle-5452128-0-1,seattle,A,residential,poi,2.438,"[12.2, 29.3]","[3.7, 7.3]",91.0,1,4,0,
SEA-seattle-5453813-0-0,seattle,A,residential,poi,1.829,"[9.1, 21.9]","[2.7, 5.5]",6138.0,0,0,0,
SEA-seattle-5454776-0-1,seattle,A,residential,poi,2.591,"[13.0, 31.1]","[3.9, 7.8]",8059.0,0,0,0,
SEA-seattle-5455466-0-0,seattle,C,residential,poi,1.524,"[7.6, 18.3]","[2.3, 4.6]",5094.0,0,0,0,
SEA-seattle-5455998-0-0,seattle,C,residential,poi,1.524,"[7.6, 18.3]","[2.3, 4.6]",4700.0,0,0,0,
SEA-seattle-5457277-0-2,seattle,C,residential,poi,1.524,"[7.6, 18.3]","[2.3, 4.6]",6823.0,0,0,0,
TPE-taipei-idx11047-0-0,taipei,A,commercial,poi,2.69,"[40.4, 67.2]","[10.8, 18.8]",7528.0,5,6,0,residential
TPE-taipei-idx12521-0-5,taipei,A,residential,poi,1.75,"[8.8, 21.0]","[2.6, 5.2]",12802.0,0,0,0,
TPE-taipei-idx12764-0-0,taipei,C,commercial,poi,1.48,"[22.2, 37.0]","[5.9, 10.4]",10551.0,7,6,0,retail
TPE-taipei-idx14193-0-0,taipei,A,residential,poi,1.99,"[9.9, 23.9]","[3.0, 6.0]",2862.0,0,0,0,
TPE-taipei-idx15074-0-0,taipei,A,residential,poi,2.36,"[11.8, 28.3]","[3.5, 7.1]",2106.0,2,0,0,
TPE-taipei-idx15608-0-1,taipei,A,commercial,poi,2.48,"[37.2, 62.0]","[9.9, 17.4]",2979.0,0,6,2,retail
TPE-taipei-idx1592-0-2,taipei,A,residential,poi,1.96,"[9.8, 23.5]","[2.9, 5.9]",7334.0,0,0,0,
TPE-taipei-idx16266-0-0,taipei,A,MRT-frontage,poi,3.19,"[95.7, 143.6]","[25.5, 38.3]",32.0,6,10,0,
TPE-taipei-idx2314-0-0,taipei,C,commercial,poi,1.27,"[19.1, 31.8]","[5.1, 8.9]",8498.0,0,5,0,
TPE-taipei-idx326-0-1,taipei,A,residential,poi,2.05,"[10.2, 24.6]","[3.1, 6.1]",7498.0,0,0,0,
TPE-taipei-idx4344-0-0,taipei,A,residential,poi,3.54,"[17.7, 42.5]","[5.3, 10.6]",6542.0,1,3,0,
TPE-taipei-idx5150-0-0,taipei,C,commercial,poi,1.2,"[18.0, 30.0]","[4.8, 8.4]",6943.0,5,9,0,
TPE-taipei-idx5185-0-1,taipei,C,residential,poi,1.2,"[6.0, 14.4]","[1.8, 3.6]",5503.0,2,2,0,residential
TPE-taipei-idx5283-0-0,taipei,C,commercial,poi,1.2,"[18.0, 30.0]","[4.8, 8.4]",6254.0,3,27,1,residential
TPE-taipei-idx5349-0-1,taipei,C,commercial,poi,1.2,"[18.0, 30.0]","[4.8, 8.4]",7137.0,15,13,1,commercial
TPE-taipei-idx674-0-1,taipei,A,residential,poi,2.06,"[10.3, 24.7]","[3.1, 6.2]",10792.0,0,0,0,residential
TPE-taipei-idx813-0-1,taipei,A,commercial,poi,2.99,"[44.9, 74.8]","[12.0, 20.9]",9012.0,3,0,0,residential
TPE-taipei-idx9453-0-1,taipei,A,residential,poi,3.55,"[17.8, 42.6]","[5.3, 10.6]",2109.0,0,0,0,
TPE-taipei-idx9524-0-2,taipei,C,residential,poi,1.19,"[5.9, 14.3]","[1.8, 3.6]",1351.0,0,0,0,
TPE-taipei-idx9590-0-0,taipei,A,commercial,poi,2.04,"[30.6, 51.0]","[8.2, 14.3]",3461.0,1,8,0,commercial
TAO-taoyuan-idx10181-0-0,taoyuan,A,residential,poi,1.8,"[9.0, 21.6]","[2.7, 5.4]",16526.0,0,0,0,
TAO-taoyuan-idx158-0-0,taoyuan,A,residential,poi,3.0,"[15.0, 36.0]","[4.5, 9.0]",10793.0,0,0,0,residential
TAO-taoyuan-idx1898-0-4,taoyuan,C,residential,poi,1.46,"[7.3, 17.5]","[2.2, 4.4]",7729.0,0,0,0,
TAO-taoyuan-idx2361-0-3,taoyuan,C,residential,poi,0.51,"[2.5, 6.1]","[0.8, 1.5]",8362.0,0,0,0,
TAO-taoyuan-idx3410-0-9,taoyuan,A,residential,poi,2.4,"[12.0, 28.8]","[3.6, 7.2]",1029.0,0,0,0,residential
TAO-taoyuan-idx3430-0-3,taoyuan,A,residential,poi,2.04,"[10.2, 24.5]","[3.1, 6.1]",2574.0,0,0,0,
TAO-taoyuan-idx3665-0-0,taoyuan,C,residential,poi,1.2,"[6.0, 14.4]","[1.8, 3.6]",14889.0,0,0,0,residential
TAO-taoyuan-idx373-0-1,taoyuan,C,commercial,poi,1.2,"[18.0, 30.0]","[4.8, 8.4]",12419.0,1,6,0,residential
TAO-taoyuan-idx5160-0-0,taoyuan,A,residential,poi,1.87,"[9.4, 22.4]","[2.8, 5.6]",10917.0,1,2,0,
TAO-taoyuan-idx531-0-1,taoyuan,A,residential,poi,6.92,"[34.6, 83.0]","[10.4, 20.8]",21003.0,0,0,0,
TAO-taoyuan-idx5379-0-4,taoyuan,A,residential,poi,2.6,"[13.0, 31.2]","[3.9, 7.8]",15168.0,0,0,0,industrial
TAO-taoyuan-idx578-0-8,taoyuan,A,commercial,poi,2.28,"[34.2, 57.0]","[9.1, 16.0]",10203.0,0,0,0,retail
TAO-taoyuan-idx6197-0-0,taoyuan,C,residential,poi,1.2,"[6.0, 14.4]","[1.8, 3.6]",15328.0,2,0,0,residential
TAO-taoyuan-idx6656-0-0,taoyuan,A,commercial,poi,5.0,"[75.0, 125.0]","[20.0, 35.0]",67.0,4,4,0,residential
TAO-taoyuan-idx6720-0-3,taoyuan,A,residential,poi,2.3,"[11.5, 27.6]","[3.4, 6.9]",3057.0,1,0,0,
TAO-taoyuan-idx7044-0-7,taoyuan,A,residential,poi,2.23,"[11.2, 26.8]","[3.3, 6.7]",10252.0,0,0,0,
TAO-taoyuan-idx718-0-1,taoyuan,A,residential,poi,1.97,"[9.8, 23.6]","[3.0, 5.9]",11900.0,0,3,0,
TAO-taoyuan-idx8762-0-0,taoyuan,C,residential,poi,0.43,"[2.1, 5.2]","[0.6, 1.3]",21009.0,0,0,0,
TAO-taoyuan-idx9038-0-2,taoyuan,A,residential,poi,3.07,"[15.3, 36.8]","[4.6, 9.2]",17384.0,1,0,0,
TAO-taoyuan-idx9342-0-2,taoyuan,C,residential,poi,1.34,"[6.7, 16.1]","[2.0, 4.0]",18709.0,1,0,0,
